{
  "request_throughput": {
    "unit": "requests/sec",
    "avg": 3.9871908446572517
  },
  "request_latency": {
    "unit": "ms",
    "avg": 5335.437505291667,
    "p1": 2484.70866605,
    "p5": 3222.6337417,
    "p10": 3872.6003902,
    "p25": 4608.5443912499995,
    "p50": 5320.4585895,
    "p75": 5998.0328315,
    "p90": 6719.0545943,
    "p95": 7409.470217449994,
    "p99": 8421.347162869997,
    "min": 2348.67351,
    "max": 11112.991584,
    "std": 1211.2762270045828
  },
  "request_count": {
    "unit": "requests",
    "avg": 600.0
  },
  "time_to_first_token": {
    "unit": "ms",
    "avg": 560.5130994149999,
    "p1": 326.92703387,
    "p5": 333.82013025,
    "p10": 339.4912456,
    "p25": 349.3010635,
    "p50": 356.373862,
    "p75": 577.835276,
    "p90": 778.9654499000004,
    "p95": 1510.179066149999,
    "p99": 3431.2163121999997,
    "min": 314.54323,
    "max": 3469.4291169999997,
    "std": 521.962654514941
  },
  "time_to_second_token": {
    "unit": "ms",
    "avg": 30.90543781833333,
    "p1": 0.6868224700000001,
    "p5": 23.747888200000002,
    "p10": 27.779145,
    "p25": 29.19071725,
    "p50": 29.913891999999997,
    "p75": 30.547386749999998,
    "p90": 31.9191854,
    "p95": 35.994333299999994,
    "p99": 60.12123712999999,
    "min": 0.069018,
    "max": 305.101976,
    "std": 20.58823747779888
  },
  "inter_token_latency": {
    "unit": "ms",
    "avg": 30.145514815762553,
    "p1": 28.312757868670765,
    "p5": 29.583218799722058,
    "p10": 29.710766188550135,
    "p25": 29.875592730172414,
    "p50": 30.043463918081915,
    "p75": 30.166647790697137,
    "p90": 30.869326232783724,
    "p95": 31.541982686452183,
    "p99": 32.95215117192218,
    "min": 27.297504206451613,
    "max": 33.428958923728814,
    "std": 0.684767178211835
  },
  "output_token_throughput": {
    "unit": "tokens/sec",
    "avg": 635.6180285010357
  },
  "output_token_throughput_per_user": {
    "unit": "tokens/sec/user",
    "avg": 33.18894483719154,
    "p1": 30.347035748408576,
    "p5": 31.703780563408063,
    "p10": 32.39461833330246,
    "p25": 33.14919202909207,
    "p50": 33.285109956971894,
    "p75": 33.472139249725394,
    "p90": 33.657832880569266,
    "p95": 33.80294799550826,
    "p99": 35.31976661144443,
    "min": 29.914183157231733,
    "max": 36.6333856911232,
    "std": 0.7282172550360834
  },
  "output_sequence_length": {
    "unit": "tokens",
    "avg": 159.415,
    "p1": 68.0,
    "p5": 92.0,
    "p10": 111.70000000000002,
    "p25": 135.0,
    "p50": 163.0,
    "p75": 184.0,
    "p90": 199.0,
    "p95": 214.0,
    "p99": 251.17999999999984,
    "min": 68.0,
    "max": 269.0,
    "std": 36.25225659642905
  },
  "input_sequence_length": {
    "unit": "tokens",
    "avg": 883.6516666666666,
    "p1": 320.0,
    "p5": 598.0,
    "p10": 637.9,
    "p25": 747.0,
    "p50": 872.0,
    "p75": 1023.75,
    "p90": 1145.0,
    "p95": 1247.0,
    "p99": 1330.0,
    "min": 320.0,
    "max": 1330.0,
    "std": 200.39595886782638
  },
  "output_token_count": {
    "unit": "tokens",
    "avg": 159.415,
    "p1": 68.0,
    "p5": 92.0,
    "p10": 111.70000000000002,
    "p25": 135.0,
    "p50": 163.0,
    "p75": 184.0,
    "p90": 199.0,
    "p95": 214.0,
    "p99": 251.17999999999984,
    "min": 68.0,
    "max": 269.0,
    "std": 36.25225659642905
  },
  "min_request_timestamp": {
    "unit": "ns",
    "avg": 1.7654439778720015e18
  },
  "max_response_timestamp": {
    "unit": "ns",
    "avg": 1.765444128353888e18
  },
  "inter_chunk_latency": {
    "unit": "ms",
    "avg": 30.138382532358506,
    "p1": 0.7894865300000001,
    "p5": 25.078595149999998,
    "p10": 27.811481699999998,
    "p25": 29.16985025,
    "p50": 29.9167395,
    "p75": 30.62457825,
    "p90": 31.959665500000007,
    "p95": 35.214875899999996,
    "p99": 56.14485709000011,
    "min": 0.007572,
    "max": 347.415488,
    "std": 9.506436757691102
  },
  "total_output_tokens": {
    "unit": "tokens",
    "avg": 95649.0
  },
  "benchmark_duration": {
    "unit": "sec",
    "avg": 150.481886465
  },
  "total_isl": {
    "unit": "tokens",
    "avg": 530191.0
  },
  "total_osl": {
    "unit": "tokens",
    "avg": 95649.0
  },
  "telemetry_data": {
    "summary": {
      "endpoints_configured": [],
      "endpoints_successful": [],
      "start_time": "2025-12-11T17:06:17.868388",
      "end_time": "2025-12-11T17:08:48.355877"
    },
    "endpoints": {}
  },
  "input_config": {
    "endpoint": {
      "model_names": [
        "Qwen/Qwen3-0.6B"
      ],
      "custom_endpoint": "/v1/chat/completions",
      "type": "chat",
      "streaming": true,
      "url": "http://localhost:8000"
    },
    "input": {
      "extra": [
        [
          "ignore_eos",
          true
        ],
        [
          "min_tokens",
          160
        ]
      ],
      "prompt": {
        "input_tokens": {
          "mean": 900,
          "stddev": 200.0
        },
        "output_tokens": {
          "mean": 160,
          "stddev": 40.0
        }
      }
    },
    "loadgen": {
      "concurrency": 24,
      "request_rate_mode": "concurrency_burst",
      "request_count": 600,
      "warmup_request_count": 40
    },
    "cli_command": "aiperf profile --model \"Qwen/Qwen3-0.6B\" --url \"http://localhost:8000\" --endpoint-type \"chat\" --endpoint \"/v1/chat/completions\" --streaming --warmup-request-count 40 --extra-inputs \"ignore_eos:true\" --concurrency 24 --request-count 600 --synthetic-input-tokens-mean 900 --synthetic-input-tokens-stddev 200 --output-tokens-mean 160 --output-tokens-stddev 40 --extra-inputs \"min_tokens:160\""
  },
  "was_cancelled": false,
  "error_summary": [],
  "start_time": "2025-12-11T17:06:17.868388",
  "end_time": "2025-12-11T17:08:48.355877",
  "time_to_first_output_token": {
    "unit": "ms",
    "avg": 560.5130994149999,
    "p1": 326.92703387,
    "p5": 333.82013025,
    "p10": 339.4912456,
    "p25": 349.3010635,
    "p50": 356.373862,
    "p75": 577.835276,
    "p90": 778.9654499000004,
    "p95": 1510.179066149999,
    "p99": 3431.2163121999997,
    "min": 314.54323,
    "max": 3469.4291169999997,
    "std": 521.962654514941
  },
  "prefill_throughput": {
    "unit": "tokens/sec",
    "avg": 2075.1393342415627,
    "p1": 237.71976720107622,
    "p5": 536.5186085885692,
    "p10": 927.5447885655739,
    "p25": 1468.7352158091528,
    "p50": 2160.4968474933785,
    "p75": 2694.606428379101,
    "p90": 3113.095515872038,
    "p95": 3328.574633657256,
    "p99": 3793.805532642344,
    "min": 134.31604574845676,
    "max": 3934.398327432248,
    "std": 821.2958351037831
  }
}