{
  "request_throughput": {
    "unit": "requests/sec",
    "avg": 3.9343923626973267
  },
  "request_latency": {
    "unit": "ms",
    "avg": 5400.425854746667,
    "p1": 2019.5870180099998,
    "p5": 3267.22815285,
    "p10": 3619.6916660999996,
    "p25": 4475.363889249999,
    "p50": 5315.1099525,
    "p75": 6201.688956999999,
    "p90": 7395.075349700001,
    "p95": 7837.709897599999,
    "p99": 8579.725173179999,
    "min": 1453.2053469999998,
    "max": 11145.961328,
    "std": 1411.430219436687
  },
  "request_count": {
    "unit": "requests",
    "avg": 600.0
  },
  "time_to_first_token": {
    "unit": "ms",
    "avg": 553.1787642383333,
    "p1": 298.10622086,
    "p5": 311.12088424999996,
    "p10": 316.4703815,
    "p25": 322.26430725,
    "p50": 328.980252,
    "p75": 547.272752,
    "p90": 854.2871498000001,
    "p95": 1433.1911905999957,
    "p99": 3564.8072315599998,
    "min": 288.57749,
    "max": 3566.923546,
    "std": 582.3960186652586
  },
  "time_to_second_token": {
    "unit": "ms",
    "avg": 29.802416649999998,
    "p1": 0.05020754000000001,
    "p5": 24.331632499999998,
    "p10": 27.4245233,
    "p25": 29.124933249999998,
    "p50": 29.889371999999998,
    "p75": 30.6708505,
    "p90": 32.0143062,
    "p95": 34.20136024999999,
    "p99": 43.12802245999997,
    "min": 0.009764,
    "max": 193.20676999999998,
    "std": 8.918238088164536
  },
  "inter_token_latency": {
    "unit": "ms",
    "avg": 30.294952964931678,
    "p1": 28.522568456439974,
    "p5": 29.65288706655241,
    "p10": 29.843011204791928,
    "p25": 30.008781942449534,
    "p50": 30.129833752790883,
    "p75": 30.378840209441222,
    "p90": 31.163120033938515,
    "p95": 31.765325847506514,
    "p99": 32.662489037969145,
    "min": 26.91847311678832,
    "max": 33.52667406315789,
    "std": 0.7009153720100295
  },
  "output_token_throughput": {
    "unit": "tokens/sec",
    "avg": 633.509300920919
  },
  "output_token_throughput_per_user": {
    "unit": "tokens/sec/user",
    "avg": 33.02610398346945,
    "p1": 30.616172751511254,
    "p5": 31.480867616248876,
    "p10": 32.08921370713452,
    "p25": 32.9176490918355,
    "p50": 33.18969524560171,
    "p75": 33.323578481250806,
    "p90": 33.50868294241494,
    "p95": 33.72353290995368,
    "p99": 35.059964318608884,
    "min": 29.826996800105782,
    "max": 37.14920960269203,
    "std": 0.7492736033870464
  },
  "output_sequence_length": {
    "unit": "tokens",
    "avg": 161.01833333333335,
    "p1": 57.81,
    "p5": 96.0,
    "p10": 105.0,
    "p25": 135.0,
    "p50": 159.5,
    "p75": 186.0,
    "p90": 219.0,
    "p95": 239.0,
    "p99": 245.1099999999999,
    "min": 39.0,
    "max": 256.0,
    "std": 42.07415672225516
  },
  "input_sequence_length": {
    "unit": "tokens",
    "avg": 892.48,
    "p1": 435.97,
    "p5": 595.0,
    "p10": 646.6000000000001,
    "p25": 750.0,
    "p50": 903.0,
    "p75": 1023.0,
    "p90": 1116.0,
    "p95": 1161.3999999999987,
    "p99": 1391.8399999999992,
    "min": 334.0,
    "max": 1475.0,
    "std": 192.31433366583295
  },
  "output_token_count": {
    "unit": "tokens",
    "avg": 161.01833333333335,
    "p1": 57.81,
    "p5": 96.0,
    "p10": 105.0,
    "p25": 135.0,
    "p50": 159.5,
    "p75": 186.0,
    "p90": 219.0,
    "p95": 239.0,
    "p99": 245.1099999999999,
    "min": 39.0,
    "max": 256.0,
    "std": 42.07415672225516
  },
  "min_request_timestamp": {
    "unit": "ns",
    "avg": 1.7642998537004383e18
  },
  "max_response_timestamp": {
    "unit": "ns",
    "avg": 1.764300006201751e18
  },
  "inter_chunk_latency": {
    "unit": "ms",
    "avg": 30.28551461824827,
    "p1": 0.3060865000000001,
    "p5": 25.1530255,
    "p10": 27.747901,
    "p25": 29.269350499999998,
    "p50": 30.033609,
    "p75": 30.780315499999997,
    "p90": 32.086205,
    "p95": 34.6039145,
    "p99": 46.23931879999993,
    "min": 0.0071979999999999995,
    "max": 395.75044099999997,
    "std": 10.550672036927342
  },
  "total_output_tokens": {
    "unit": "tokens",
    "avg": 96611.0
  },
  "benchmark_duration": {
    "unit": "sec",
    "avg": 152.501312703
  },
  "total_isl": {
    "unit": "tokens",
    "avg": 535488.0
  },
  "total_osl": {
    "unit": "tokens",
    "avg": 96611.0
  },
  "telemetry_data": {
    "summary": {
      "endpoints_configured": [],
      "endpoints_successful": [],
      "start_time": "2025-11-28T11:17:33.696726",
      "end_time": "2025-11-28T11:20:06.204188"
    },
    "endpoints": {}
  },
  "input_config": {
    "endpoint": {
      "model_names": [
        "Qwen/Qwen3-0.6B"
      ],
      "custom_endpoint": "/v1/chat/completions",
      "type": "chat",
      "streaming": true,
      "url": "http://localhost:8000"
    },
    "input": {
      "extra": [
        [
          "ignore_eos",
          true
        ],
        [
          "min_tokens",
          160
        ]
      ],
      "prompt": {
        "input_tokens": {
          "mean": 900,
          "stddev": 200.0
        },
        "output_tokens": {
          "mean": 160,
          "stddev": 40.0
        }
      }
    },
    "loadgen": {
      "concurrency": 24,
      "request_rate_mode": "concurrency_burst",
      "request_count": 600,
      "warmup_request_count": 40
    },
    "cli_command": "aiperf profile --model \"Qwen/Qwen3-0.6B\" --url \"http://localhost:8000\" --endpoint-type \"chat\" --endpoint \"/v1/chat/completions\" --streaming --warmup-request-count 40 --extra-inputs \"ignore_eos:true\" --concurrency 24 --request-count 600 --synthetic-input-tokens-mean 900 --synthetic-input-tokens-stddev 200 --output-tokens-mean 160 --output-tokens-stddev 40 --extra-inputs \"min_tokens:160\""
  },
  "was_cancelled": false,
  "error_summary": [],
  "start_time": "2025-11-28T11:17:33.696726",
  "end_time": "2025-11-28T11:20:06.204188",
  "time_to_first_output_token": {
    "unit": "ms",
    "avg": 553.1787642383333,
    "p1": 298.10622086,
    "p5": 311.12088424999996,
    "p10": 316.4703815,
    "p25": 322.26430725,
    "p50": 328.980252,
    "p75": 547.272752,
    "p90": 854.2871498000001,
    "p95": 1433.1911905999957,
    "p99": 3564.8072315599998,
    "min": 288.57749,
    "max": 3566.923546,
    "std": 582.3960186652586
  },
  "prefill_throughput": {
    "unit": "tokens/sec",
    "avg": 2234.868985296951,
    "p1": 252.04707484896008,
    "p5": 617.5621160184048,
    "p10": 981.2343801305344,
    "p25": 1560.0889471237203,
    "p50": 2336.425701794344,
    "p75": 2949.453622054355,
    "p90": 3300.1931204441,
    "p95": 3467.8724028129336,
    "p99": 4305.811204363828,
    "min": 93.66666162147365,
    "max": 4607.438220149426,
    "std": 909.0763360176978
  }
}