{
  "request_throughput": {
    "unit": "requests/sec",
    "avg": 8.281110425327773
  },
  "request_latency": {
    "unit": "ms",
    "avg": 4998.915407848333,
    "p1": 2683.80055797,
    "p5": 3545.1879093000002,
    "p10": 3859.4075994,
    "p25": 4409.584052499999,
    "p50": 4973.426418,
    "p75": 5620.852895749999,
    "p90": 6183.0087787,
    "p95": 6407.375124099999,
    "p99": 7172.04514188999,
    "min": 1184.1491489999999,
    "max": 8710.944789,
    "std": 982.0593067344438
  },
  "request_count": {
    "unit": "requests",
    "avg": 600.0
  },
  "time_to_first_token": {
    "unit": "ms",
    "avg": 247.25878260166664,
    "p1": 205.97485983,
    "p5": 207.09937680000002,
    "p10": 207.87654999999998,
    "p25": 209.86358174999998,
    "p50": 212.261149,
    "p75": 216.19913225,
    "p90": 262.2216387,
    "p95": 575.8455164499999,
    "p99": 939.18372059,
    "min": 204.87193599999998,
    "max": 953.87,
    "std": 117.23445841045312
  },
  "time_to_second_token": {
    "unit": "ms",
    "avg": 7.506552355,
    "p1": 0.02017088,
    "p5": 0.6104168,
    "p10": 2.388014000000001,
    "p25": 6.16916675,
    "p50": 7.562613,
    "p75": 8.5264595,
    "p90": 9.986464,
    "p95": 12.640760849999998,
    "p99": 21.95727121,
    "min": 0.012449,
    "max": 76.38471299999999,
    "std": 4.947564779822985
  },
  "inter_token_latency": {
    "unit": "ms",
    "avg": 7.8745057981659805,
    "p1": 7.187070474148421,
    "p5": 7.453181709044283,
    "p10": 7.569027177976768,
    "p25": 7.723285184790613,
    "p50": 7.872576590557733,
    "p75": 8.060372985902005,
    "p90": 8.184096650247467,
    "p95": 8.266300332608264,
    "p99": 8.383502722894127,
    "min": 6.61191948091603,
    "max": 8.98553586259542,
    "std": 0.2602891620582571
  },
  "output_token_throughput": {
    "unit": "tokens/sec",
    "avg": 5003.598739340839
  },
  "output_token_throughput_per_user": {
    "unit": "tokens/sec/user",
    "avg": 127.13397980063101,
    "p1": 119.28188690801318,
    "p5": 120.97310320721057,
    "p10": 122.18819777603906,
    "p25": 124.06373938146754,
    "p50": 127.02321704000641,
    "p75": 129.47858019448216,
    "p90": 132.1173753899696,
    "p95": 134.17088707341028,
    "p99": 139.13878443653135,
    "min": 111.28996815457099,
    "max": 151.24201117183867,
    "std": 4.301962566664992
  },
  "output_sequence_length": {
    "unit": "tokens",
    "avg": 604.2183333333334,
    "p1": 321.09000000000003,
    "p5": 437.0,
    "p10": 467.0,
    "p25": 538.0,
    "p50": 601.0,
    "p75": 674.0,
    "p90": 757.0,
    "p95": 785.0,
    "p99": 851.8299999999983,
    "min": 132.0,
    "max": 1033.0,
    "std": 122.11901570690056
  },
  "input_sequence_length": {
    "unit": "tokens",
    "avg": 178.24833333333333,
    "p1": 49.89,
    "p5": 99.75000000000007,
    "p10": 121.80000000000001,
    "p25": 143.0,
    "p50": 182.0,
    "p75": 212.0,
    "p90": 251.0,
    "p95": 256.1999999999998,
    "p99": 278.06999999999994,
    "min": 39.0,
    "max": 285.0,
    "std": 50.65866162091358
  },
  "output_token_count": {
    "unit": "tokens",
    "avg": 604.2183333333334,
    "p1": 321.09000000000003,
    "p5": 437.0,
    "p10": 467.0,
    "p25": 538.0,
    "p50": 601.0,
    "p75": 674.0,
    "p90": 757.0,
    "p95": 785.0,
    "p99": 851.8299999999983,
    "min": 132.0,
    "max": 1033.0,
    "std": 122.11901570690056
  },
  "min_request_timestamp": {
    "unit": "ns",
    "avg": 1.764649570242164e18
  },
  "max_response_timestamp": {
    "unit": "ns",
    "avg": 1.7646496426962156e18
  },
  "inter_chunk_latency": {
    "unit": "ms",
    "avg": 7.874412318324688,
    "p1": 0.01640057,
    "p5": 0.6088682000000001,
    "p10": 3.5754615000000003,
    "p25": 6.7048065,
    "p50": 7.755706999999999,
    "p75": 8.714595,
    "p90": 10.474163899999999,
    "p95": 13.89055814999999,
    "p99": 21.37293922,
    "min": 0.006359999999999999,
    "max": 196.116195,
    "std": 5.053377077721708
  },
  "total_output_tokens": {
    "unit": "tokens",
    "avg": 362531.0
  },
  "benchmark_duration": {
    "unit": "sec",
    "avg": 72.454051351
  },
  "total_isl": {
    "unit": "tokens",
    "avg": 106949.0
  },
  "total_osl": {
    "unit": "tokens",
    "avg": 362531.0
  },
  "telemetry_data": {
    "summary": {
      "endpoints_configured": [],
      "endpoints_successful": [],
      "start_time": "2025-12-02T12:26:10.236131",
      "end_time": "2025-12-02T12:27:22.704562"
    },
    "endpoints": {}
  },
  "input_config": {
    "endpoint": {
      "model_names": [
        "Qwen/Qwen3-0.6B"
      ],
      "custom_endpoint": "/v1/chat/completions",
      "type": "chat",
      "streaming": true,
      "url": "http://localhost:8000"
    },
    "input": {
      "extra": [
        [
          "ignore_eos",
          true
        ],
        [
          "min_tokens",
          500
        ]
      ],
      "prompt": {
        "input_tokens": {
          "mean": 180,
          "stddev": 50.0
        },
        "output_tokens": {
          "mean": 600,
          "stddev": 120.0
        }
      }
    },
    "loadgen": {
      "concurrency": 48,
      "request_rate_mode": "concurrency_burst",
      "request_count": 600,
      "warmup_request_count": 40
    },
    "cli_command": "aiperf profile --model \"Qwen/Qwen3-0.6B\" --url \"http://localhost:8000\" --endpoint-type \"chat\" --endpoint \"/v1/chat/completions\" --streaming --warmup-request-count 40 --extra-inputs \"ignore_eos:true\" --concurrency 48 --request-count 600 --synthetic-input-tokens-mean 180 --synthetic-input-tokens-stddev 50 --output-tokens-mean 600 --output-tokens-stddev 120 --extra-inputs \"min_tokens:500\""
  },
  "was_cancelled": false,
  "error_summary": [],
  "start_time": "2025-12-02T12:26:10.236131",
  "end_time": "2025-12-02T12:27:22.704562",
  "time_to_first_output_token": {
    "unit": "ms",
    "avg": 247.25878260166664,
    "p1": 205.97485983,
    "p5": 207.09937680000002,
    "p10": 207.87654999999998,
    "p25": 209.86358174999998,
    "p50": 212.261149,
    "p75": 216.19913225,
    "p90": 262.2216387,
    "p95": 575.8455164499999,
    "p99": 939.18372059,
    "min": 204.87193599999998,
    "max": 953.87,
    "std": 117.23445841045312
  },
  "prefill_throughput": {
    "unit": "tokens/sec",
    "avg": 787.8631906002398,
    "p1": 174.9905107907449,
    "p5": 253.07144679552079,
    "p10": 366.27471969521,
    "p25": 625.9720614027062,
    "p50": 821.9490486106064,
    "p75": 965.1441605085807,
    "p90": 1146.0424392919454,
    "p95": 1212.9662033465113,
    "p99": 1312.8138622875297,
    "min": 85.97948895666116,
    "max": 1365.182259447916,
    "std": 271.438907119518
  }
}