{
  "request_throughput": {
    "unit": "requests/sec",
    "avg": 9.348628910351389
  },
  "request_latency": {
    "unit": "ms",
    "avg": 2286.2835131166667,
    "p1": 1123.50009713,
    "p5": 1366.78776045,
    "p10": 1497.0032483,
    "p25": 1768.0330212499998,
    "p50": 2110.7654245,
    "p75": 2586.9270515,
    "p90": 3322.6756505,
    "p95": 3835.4474538999993,
    "p99": 4943.77674629,
    "min": 1039.845466,
    "max": 6443.27456,
    "std": 778.3847952041866
  },
  "request_count": {
    "unit": "requests",
    "avg": 600.0
  },
  "time_to_first_token": {
    "unit": "ms",
    "avg": 786.8738374583334,
    "p1": 238.17233947999998,
    "p5": 240.5328144,
    "p10": 244.3283842,
    "p25": 251.54364999999999,
    "p50": 370.7645775,
    "p75": 1037.50370275,
    "p90": 2131.8465163000005,
    "p95": 2693.9870386999996,
    "p99": 3488.8336558299984,
    "min": 236.477625,
    "max": 4619.7184019999995,
    "std": 828.7860597343877
  },
  "time_to_second_token": {
    "unit": "ms",
    "avg": 17.687837288333334,
    "p1": 0.04661037,
    "p5": 12.40273285,
    "p10": 13.5393588,
    "p25": 15.51935075,
    "p50": 18.2921285,
    "p75": 19.85510825,
    "p90": 21.1803915,
    "p95": 22.208017499999993,
    "p99": 28.629936669999996,
    "min": 0.010315,
    "max": 46.492221,
    "std": 4.416207346231054
  },
  "inter_token_latency": {
    "unit": "ms",
    "avg": 9.306833308408965,
    "p1": 6.485841951333334,
    "p5": 6.998970593636363,
    "p10": 7.37543665099331,
    "p25": 8.664458838632509,
    "p50": 9.796471717840374,
    "p75": 10.117774248429035,
    "p90": 10.28127824940113,
    "p95": 10.384477045359992,
    "p99": 10.706291534788372,
    "min": 6.152947490654205,
    "max": 11.192349632911391,
    "std": 1.1098149583904897
  },
  "output_token_throughput": {
    "unit": "tokens/sec",
    "avg": 1514.7583423442356
  },
  "output_token_throughput_per_user": {
    "unit": "tokens/sec/user",
    "avg": 109.24794234685932,
    "p1": 93.40303508738592,
    "p5": 96.2975828855538,
    "p10": 97.26417055848864,
    "p25": 98.83597087429789,
    "p50": 102.0776329319216,
    "p75": 115.41414264048126,
    "p90": 135.58519388449733,
    "p95": 142.87816544530796,
    "p99": 154.18199652300157,
    "min": 89.34674423138769,
    "max": 162.52373379082354,
    "std": 15.209093795352873
  },
  "output_sequence_length": {
    "unit": "tokens",
    "avg": 162.03,
    "p1": 86.0,
    "p5": 100.0,
    "p10": 112.0,
    "p25": 133.0,
    "p50": 161.0,
    "p75": 189.0,
    "p90": 213.0,
    "p95": 219.0,
    "p99": 247.0,
    "min": 86.0,
    "max": 247.0,
    "std": 37.32058100655276
  },
  "input_sequence_length": {
    "unit": "tokens",
    "avg": 907.145,
    "p1": 535.89,
    "p5": 585.0,
    "p10": 649.0,
    "p25": 786.0,
    "p50": 889.0,
    "p75": 1039.0,
    "p90": 1165.0,
    "p95": 1241.0,
    "p99": 1358.0,
    "min": 525.0,
    "max": 1358.0,
    "std": 192.4920188172313
  },
  "output_token_count": {
    "unit": "tokens",
    "avg": 162.03,
    "p1": 86.0,
    "p5": 100.0,
    "p10": 112.0,
    "p25": 133.0,
    "p50": 161.0,
    "p75": 189.0,
    "p90": 213.0,
    "p95": 219.0,
    "p99": 247.0,
    "min": 86.0,
    "max": 247.0,
    "std": 37.32058100655276
  },
  "min_request_timestamp": {
    "unit": "ns",
    "avg": 1.764572894228404e18
  },
  "max_response_timestamp": {
    "unit": "ns",
    "avg": 1.7645729584089385e18
  },
  "inter_chunk_latency": {
    "unit": "ms",
    "avg": 9.310212205267515,
    "p1": 0.01560829,
    "p5": 2.9549711,
    "p10": 6.3082142999999995,
    "p25": 7.820274749999999,
    "p50": 9.388880499999999,
    "p75": 10.42717325,
    "p90": 11.4167977,
    "p95": 13.018100650000008,
    "p99": 21.013292330000034,
    "min": 0.006379999999999999,
    "max": 279.419612,
    "std": 6.7040343411102175
  },
  "total_output_tokens": {
    "unit": "tokens",
    "avg": 97218.0
  },
  "benchmark_duration": {
    "unit": "sec",
    "avg": 64.180534467
  },
  "total_isl": {
    "unit": "tokens",
    "avg": 544287.0
  },
  "total_osl": {
    "unit": "tokens",
    "avg": 97218.0
  },
  "telemetry_data": {
    "summary": {
      "endpoints_configured": [],
      "endpoints_successful": [],
      "start_time": "2025-12-01T15:08:14.225871",
      "end_time": "2025-12-01T15:09:18.412160"
    },
    "endpoints": {}
  },
  "input_config": {
    "endpoint": {
      "model_names": [
        "Qwen/Qwen3-0.6B"
      ],
      "custom_endpoint": "/v1/chat/completions",
      "type": "chat",
      "streaming": true,
      "url": "http://localhost:8000"
    },
    "input": {
      "extra": [
        [
          "ignore_eos",
          true
        ],
        [
          "min_tokens",
          160
        ]
      ],
      "prompt": {
        "input_tokens": {
          "mean": 900,
          "stddev": 200.0
        },
        "output_tokens": {
          "mean": 160,
          "stddev": 40.0
        }
      }
    },
    "loadgen": {
      "concurrency": 24,
      "request_rate_mode": "concurrency_burst",
      "request_count": 600,
      "warmup_request_count": 40
    },
    "cli_command": "aiperf profile --model \"Qwen/Qwen3-0.6B\" --url \"http://localhost:8000\" --endpoint-type \"chat\" --endpoint \"/v1/chat/completions\" --streaming --warmup-request-count 40 --extra-inputs \"ignore_eos:true\" --concurrency 24 --request-count 600 --synthetic-input-tokens-mean 900 --synthetic-input-tokens-stddev 200 --output-tokens-mean 160 --output-tokens-stddev 40 --extra-inputs \"min_tokens:160\""
  },
  "was_cancelled": false,
  "error_summary": [],
  "start_time": "2025-12-01T15:08:14.225871",
  "end_time": "2025-12-01T15:09:18.412160",
  "time_to_first_output_token": {
    "unit": "ms",
    "avg": 786.8738374583334,
    "p1": 238.17233947999998,
    "p5": 240.5328144,
    "p10": 244.3283842,
    "p25": 251.54364999999999,
    "p50": 370.7645775,
    "p75": 1037.50370275,
    "p90": 2131.8465163000005,
    "p95": 2693.9870386999996,
    "p99": 3488.8336558299984,
    "min": 236.477625,
    "max": 4619.7184019999995,
    "std": 828.7860597343877
  },
  "prefill_throughput": {
    "unit": "tokens/sec",
    "avg": 2262.2071154481478,
    "p1": 224.40269247116083,
    "p5": 321.17679275957397,
    "p10": 441.4656386256529,
    "p25": 879.2838727101721,
    "p50": 2268.1293184950327,
    "p75": 3444.1593485928447,
    "p90": 4153.128786051683,
    "p95": 4489.4862912505005,
    "p99": 5161.128948812569,
    "min": 166.6101692347497,
    "max": 5373.545766710863,
    "std": 1405.0997809476714
  }
}