{
  "request_throughput": {
    "unit": "requests/sec",
    "avg": 5.230412384733591
  },
  "request_latency": {
    "unit": "ms",
    "avg": 4099.9301490749995,
    "p1": 1574.4231798800001,
    "p5": 2168.66110955,
    "p10": 2576.2593936999997,
    "p25": 3224.9192279999997,
    "p50": 4053.2243879999996,
    "p75": 4972.330049,
    "p90": 5761.5853993,
    "p95": 6055.244651349999,
    "p99": 7156.106533939998,
    "min": 1288.196097,
    "max": 7871.216251,
    "std": 1222.0095538137757
  },
  "request_count": {
    "unit": "requests",
    "avg": 600.0
  },
  "time_to_first_token": {
    "unit": "ms",
    "avg": 2941.3665156916663,
    "p1": 779.32552884,
    "p5": 1073.6441286,
    "p10": 1434.7868532999998,
    "p25": 2090.74561275,
    "p50": 2900.5788199999997,
    "p75": 3811.0977645,
    "p90": 4403.1848819,
    "p95": 4768.8792301,
    "p99": 5238.92615642,
    "min": 496.256891,
    "max": 6185.4852089999995,
    "std": 1125.2386953454634
  },
  "time_to_second_token": {
    "unit": "ms",
    "avg": 14.772650113333333,
    "p1": 0.04994471,
    "p5": 5.86778675,
    "p10": 7.229106799999999,
    "p25": 12.216438499999999,
    "p50": 13.745783,
    "p75": 15.299960749999999,
    "p90": 17.490064399999998,
    "p95": 19.41932144999999,
    "p99": 95.32410398,
    "min": 0.010754,
    "max": 175.317106,
    "std": 13.63778328683189
  },
  "inter_token_latency": {
    "unit": "ms",
    "avg": 7.303801921261364,
    "p1": 5.789511024947495,
    "p5": 6.12243510442468,
    "p10": 6.292185324499205,
    "p25": 6.67752232688902,
    "p50": 7.165898642868589,
    "p75": 7.698369067676768,
    "p90": 8.314574825525114,
    "p95": 8.883907452490147,
    "p99": 11.066085064190778,
    "min": 5.439623458646617,
    "max": 12.395984772727273,
    "std": 0.965836878704929
  },
  "output_token_throughput": {
    "unit": "tokens/sec",
    "avg": 836.151158531461
  },
  "output_token_throughput_per_user": {
    "unit": "tokens/sec/user",
    "avg": 138.9935452399694,
    "p1": 90.36626872145294,
    "p5": 112.56341181455416,
    "p10": 120.27082741925153,
    "p25": 129.89764374775223,
    "p50": 139.54984039466174,
    "p75": 149.75614475791176,
    "p90": 158.92729754035176,
    "p95": 163.33371370860323,
    "p99": 172.72646799060055,
    "min": 80.67128334976063,
    "max": 183.83625403527486,
    "std": 16.124764202072654
  },
  "output_sequence_length": {
    "unit": "tokens",
    "avg": 159.86333333333334,
    "p1": 73.85000000000001,
    "p5": 89.9,
    "p10": 94.9,
    "p25": 133.0,
    "p50": 161.0,
    "p75": 188.0,
    "p90": 214.0,
    "p95": 234.0,
    "p99": 261.0,
    "min": 59.0,
    "max": 261.0,
    "std": 43.41944252162721
  },
  "input_sequence_length": {
    "unit": "tokens",
    "avg": 928.5416666666666,
    "p1": 473.51,
    "p5": 598.0,
    "p10": 678.0,
    "p25": 796.0,
    "p50": 940.0,
    "p75": 1054.0,
    "p90": 1184.0,
    "p95": 1269.0,
    "p99": 1317.2099999999998,
    "min": 425.0,
    "max": 1338.0,
    "std": 196.98323515100353
  },
  "output_token_count": {
    "unit": "tokens",
    "avg": 159.86333333333334,
    "p1": 73.85000000000001,
    "p5": 89.9,
    "p10": 94.9,
    "p25": 133.0,
    "p50": 161.0,
    "p75": 188.0,
    "p90": 214.0,
    "p95": 234.0,
    "p99": 261.0,
    "min": 59.0,
    "max": 261.0,
    "std": 43.41944252162721
  },
  "min_request_timestamp": {
    "unit": "ns",
    "avg": 1.765427155910207e18
  },
  "max_response_timestamp": {
    "unit": "ns",
    "avg": 1.765427270623915e18
  },
  "inter_chunk_latency": {
    "unit": "ms",
    "avg": 7.29084347237372,
    "p1": 0.025586030000000003,
    "p5": 2.59342345,
    "p10": 5.1032835,
    "p25": 6.1924985,
    "p50": 7.1001994999999996,
    "p75": 8.13595075,
    "p90": 9.477255099999997,
    "p95": 11.038913299999995,
    "p99": 17.33015377999999,
    "min": 0.0067729999999999995,
    "max": 175.317106,
    "std": 3.877617613791677
  },
  "total_output_tokens": {
    "unit": "tokens",
    "avg": 95918.0
  },
  "benchmark_duration": {
    "unit": "sec",
    "avg": 114.71370818700001
  },
  "total_isl": {
    "unit": "tokens",
    "avg": 557125.0
  },
  "total_osl": {
    "unit": "tokens",
    "avg": 95918.0
  },
  "telemetry_data": {
    "summary": {
      "endpoints_configured": [],
      "endpoints_successful": [],
      "start_time": "2025-12-11T12:25:55.906996",
      "end_time": "2025-12-11T12:27:50.625789"
    },
    "endpoints": {}
  },
  "input_config": {
    "endpoint": {
      "model_names": [
        "Qwen/Qwen3-0.6B"
      ],
      "custom_endpoint": "/v1/chat/completions",
      "type": "chat",
      "streaming": true,
      "url": "http://localhost:8000"
    },
    "input": {
      "extra": [
        [
          "ignore_eos",
          true
        ],
        [
          "min_tokens",
          160
        ]
      ],
      "prompt": {
        "input_tokens": {
          "mean": 900,
          "stddev": 200.0
        },
        "output_tokens": {
          "mean": 160,
          "stddev": 40.0
        }
      }
    },
    "loadgen": {
      "concurrency": 24,
      "request_rate_mode": "concurrency_burst",
      "request_count": 600,
      "warmup_request_count": 40
    },
    "cli_command": "aiperf profile --model \"Qwen/Qwen3-0.6B\" --url \"http://localhost:8000\" --endpoint-type \"chat\" --endpoint \"/v1/chat/completions\" --streaming --warmup-request-count 40 --extra-inputs \"ignore_eos:true\" --concurrency 24 --request-count 600 --synthetic-input-tokens-mean 900 --synthetic-input-tokens-stddev 200 --output-tokens-mean 160 --output-tokens-stddev 40 --extra-inputs \"min_tokens:160\""
  },
  "was_cancelled": false,
  "error_summary": [],
  "start_time": "2025-12-11T12:25:55.906996",
  "end_time": "2025-12-11T12:27:50.625789",
  "time_to_first_output_token": {
    "unit": "ms",
    "avg": 2941.3665156916663,
    "p1": 779.32552884,
    "p5": 1073.6441286,
    "p10": 1434.7868532999998,
    "p25": 2090.74561275,
    "p50": 2900.5788199999997,
    "p75": 3811.0977645,
    "p90": 4403.1848819,
    "p95": 4768.8792301,
    "p99": 5238.92615642,
    "min": 496.256891,
    "max": 6185.4852089999995,
    "std": 1125.2386953454634
  },
  "prefill_throughput": {
    "unit": "tokens/sec",
    "avg": 378.2270734776159,
    "p1": 132.33194308535795,
    "p5": 180.5361536044494,
    "p10": 197.52331030972448,
    "p25": 243.7694844919523,
    "p50": 311.5511139880069,
    "p75": 430.7886480440652,
    "p90": 643.5140024178967,
    "p95": 884.6919751950974,
    "p99": 1119.5731022568336,
    "min": 125.07322969404377,
    "max": 1419.4870837327892,
    "std": 208.22613517061234
  }
}