{
  "request_throughput": {
    "unit": "requests/sec",
    "avg": 1.0894586440356924
  },
  "request_latency": {
    "unit": "ms",
    "avg": 19449.71107393667,
    "p1": 10928.55256416,
    "p5": 13351.293996650002,
    "p10": 15175.225228799998,
    "p25": 16937.778309499998,
    "p50": 19344.831667,
    "p75": 22400.8989955,
    "p90": 23463.0664444,
    "p95": 24177.985640099963,
    "p99": 28182.57631613,
    "min": 10692.509511999999,
    "max": 28466.397439,
    "std": 3635.2997863609075
  },
  "request_count": {
    "unit": "requests",
    "avg": 600.0
  },
  "time_to_first_token": {
    "unit": "ms",
    "avg": 267.7713144566667,
    "p1": 238.43583999,
    "p5": 239.60753125,
    "p10": 240.66944719999998,
    "p25": 242.72502999999998,
    "p50": 257.076008,
    "p75": 268.053949,
    "p90": 271.8909426,
    "p95": 315.32552404999996,
    "p99": 561.7818718999999,
    "min": 234.14980599999998,
    "max": 693.25491,
    "std": 59.87250095822077
  },
  "time_to_second_token": {
    "unit": "ms",
    "avg": 31.863553179999997,
    "p1": 15.457908690000002,
    "p5": 27.213590999999997,
    "p10": 29.277569699999997,
    "p25": 30.511500249999997,
    "p50": 31.3162035,
    "p75": 32.349686,
    "p90": 33.8367112,
    "p95": 37.50663369999998,
    "p99": 58.427389549999994,
    "min": 0.010373,
    "max": 84.432436,
    "std": 6.4012579312004565
  },
  "inter_token_latency": {
    "unit": "ms",
    "avg": 31.193111124453274,
    "p1": 29.7961140063723,
    "p5": 30.841589347752567,
    "p10": 30.971142796665994,
    "p25": 31.106451000639648,
    "p50": 31.23345868249684,
    "p75": 31.346449966729324,
    "p90": 31.447986845758834,
    "p95": 31.49136471187683,
    "p99": 31.619170497495208,
    "min": 28.267570718518517,
    "max": 31.901896776859502,
    "std": 0.30506175547174175
  },
  "output_token_throughput": {
    "unit": "tokens/sec",
    "avg": 670.9358428717543
  },
  "output_token_throughput_per_user": {
    "unit": "tokens/sec/user",
    "avg": 32.061559749979736,
    "p1": 31.626383206604537,
    "p5": 31.754737030185844,
    "p10": 31.798537873893462,
    "p25": 31.901539163541603,
    "p50": 32.01694728417989,
    "p75": 32.14767251910216,
    "p90": 32.2881208246166,
    "p95": 32.423750564178,
    "p99": 33.56143032381639,
    "min": 31.34609854061606,
    "max": 35.37622705388279,
    "std": 0.3273585986071809
  },
  "output_sequence_length": {
    "unit": "tokens",
    "avg": 615.8433333333334,
    "p1": 344.0,
    "p5": 424.75000000000006,
    "p10": 478.0,
    "p25": 536.0,
    "p50": 612.0,
    "p75": 714.0,
    "p90": 741.0,
    "p95": 766.5499999999977,
    "p99": 895.0,
    "min": 343.0,
    "max": 899.0,
    "std": 115.87948677637279
  },
  "input_sequence_length": {
    "unit": "tokens",
    "avg": 183.93666666666667,
    "p1": 77.55000000000001,
    "p5": 100.95,
    "p10": 122.0,
    "p25": 156.0,
    "p50": 191.0,
    "p75": 216.25,
    "p90": 247.10000000000002,
    "p95": 258.0,
    "p99": 280.0,
    "min": 33.0,
    "max": 280.0,
    "std": 48.17384479385284
  },
  "output_token_count": {
    "unit": "tokens",
    "avg": 615.8433333333334,
    "p1": 344.0,
    "p5": 424.75000000000006,
    "p10": 478.0,
    "p25": 536.0,
    "p50": 612.0,
    "p75": 714.0,
    "p90": 741.0,
    "p95": 766.5499999999977,
    "p99": 895.0,
    "min": 343.0,
    "max": 899.0,
    "std": 115.87948677637279
  },
  "min_request_timestamp": {
    "unit": "ns",
    "avg": 1.7642973796804388e18
  },
  "max_response_timestamp": {
    "unit": "ns",
    "avg": 1.7642979304126794e18
  },
  "inter_chunk_latency": {
    "unit": "ms",
    "avg": 31.288250301590622,
    "p1": 14.889462,
    "p5": 26.8339859,
    "p10": 28.8759668,
    "p25": 30.3291215,
    "p50": 31.201704,
    "p75": 32.072928,
    "p90": 33.3907476,
    "p95": 35.57993329999999,
    "p99": 46.42627892000006,
    "min": 0.0070149999999999995,
    "max": 250.335041,
    "std": 6.073229824770741
  },
  "total_output_tokens": {
    "unit": "tokens",
    "avg": 369506.0
  },
  "benchmark_duration": {
    "unit": "sec",
    "avg": 550.7322405350001
  },
  "total_isl": {
    "unit": "tokens",
    "avg": 110362.0
  },
  "total_osl": {
    "unit": "tokens",
    "avg": 369506.0
  },
  "telemetry_data": {
    "summary": {
      "endpoints_configured": [],
      "endpoints_successful": [],
      "start_time": "2025-11-28T10:36:19.676229",
      "end_time": "2025-11-28T10:45:30.419613"
    },
    "endpoints": {}
  },
  "input_config": {
    "endpoint": {
      "model_names": [
        "Qwen/Qwen3-0.6B"
      ],
      "custom_endpoint": "/v1/chat/completions",
      "type": "chat",
      "streaming": true,
      "url": "http://localhost:8000"
    },
    "input": {
      "extra": [
        [
          "ignore_eos",
          true
        ],
        [
          "min_tokens",
          500
        ]
      ],
      "prompt": {
        "input_tokens": {
          "mean": 180,
          "stddev": 50.0
        },
        "output_tokens": {
          "mean": 600,
          "stddev": 120.0
        }
      }
    },
    "loadgen": {
      "concurrency": 24,
      "request_rate_mode": "concurrency_burst",
      "request_count": 600,
      "warmup_request_count": 40
    },
    "cli_command": "aiperf profile --model \"Qwen/Qwen3-0.6B\" --url \"http://localhost:8000\" --endpoint-type \"chat\" --endpoint \"/v1/chat/completions\" --streaming --warmup-request-count 40 --extra-inputs \"ignore_eos:true\" --concurrency 24 --request-count 600 --synthetic-input-tokens-mean 180 --synthetic-input-tokens-stddev 50 --output-tokens-mean 600 --output-tokens-stddev 120 --extra-inputs \"min_tokens:500\""
  },
  "was_cancelled": false,
  "error_summary": [],
  "start_time": "2025-11-28T10:36:19.676229",
  "end_time": "2025-11-28T10:45:30.419613",
  "time_to_first_output_token": {
    "unit": "ms",
    "avg": 267.7713144566667,
    "p1": 238.43583999,
    "p5": 239.60753125,
    "p10": 240.66944719999998,
    "p25": 242.72502999999998,
    "p50": 257.076008,
    "p75": 268.053949,
    "p90": 271.8909426,
    "p95": 315.32552404999996,
    "p99": 561.7818718999999,
    "min": 234.14980599999998,
    "max": 693.25491,
    "std": 59.87250095822077
  },
  "prefill_throughput": {
    "unit": "tokens/sec",
    "avg": 705.8946257036597,
    "p1": 154.9924892412491,
    "p5": 353.9424321707694,
    "p10": 417.80669585653243,
    "p25": 578.9845283227218,
    "p50": 719.8378829433234,
    "p75": 845.1158278973714,
    "p90": 947.7601287869189,
    "p95": 1028.6949043126892,
    "p99": 1154.7857231103105,
    "min": 65.54007566494487,
    "max": 1171.0916658031956,
    "std": 204.40101516356572
  }
}