{
  "request_throughput": {
    "unit": "requests/sec",
    "avg": 1.3078870310321886
  },
  "request_latency": {
    "unit": "ms",
    "avg": 16679.751020808333,
    "p1": 7515.412082689999,
    "p5": 10893.0056793,
    "p10": 12515.1337616,
    "p25": 14362.1373905,
    "p50": 16406.654136999998,
    "p75": 19395.94261875,
    "p90": 21312.9833641,
    "p95": 21724.57857025,
    "p99": 23086.763535569993,
    "min": 7298.2502939999995,
    "max": 23946.570372,
    "std": 3455.6191190236623
  },
  "request_count": {
    "unit": "requests",
    "avg": 600.0
  },
  "time_to_first_token": {
    "unit": "ms",
    "avg": 253.15497269666665,
    "p1": 227.2930701,
    "p5": 229.3320795,
    "p10": 230.5346373,
    "p25": 234.3572305,
    "p50": 241.08719499999998,
    "p75": 249.9151355,
    "p90": 258.2588699,
    "p95": 283.74185294999995,
    "p99": 460.7657260699985,
    "min": 226.098493,
    "max": 643.39717,
    "std": 54.713465005120355
  },
  "time_to_second_token": {
    "unit": "ms",
    "avg": 26.977900496666663,
    "p1": 15.50796684,
    "p5": 23.5695195,
    "p10": 25.6141653,
    "p25": 26.50586525,
    "p50": 27.096027499999998,
    "p75": 27.66285225,
    "p90": 28.3983971,
    "p95": 29.793428199999994,
    "p99": 36.031333489999994,
    "min": 0.042372,
    "max": 50.384885,
    "std": 3.1607739705219515
  },
  "inter_token_latency": {
    "unit": "ms",
    "avg": 27.105400081315434,
    "p1": 26.69283854130258,
    "p5": 26.784024650002525,
    "p10": 26.857372456957595,
    "p25": 26.98819651283229,
    "p50": 27.117927319777905,
    "p75": 27.23103897225238,
    "p90": 27.336404109650612,
    "p95": 27.39608348672835,
    "p99": 27.53105659471355,
    "min": 26.500917803163446,
    "max": 27.869161536082473,
    "std": 0.1869133729878945
  },
  "output_token_throughput": {
    "unit": "tokens/sec",
    "avg": 793.6912447818837
  },
  "output_token_throughput_per_user": {
    "unit": "tokens/sec/user",
    "avg": 36.89477219025633,
    "p1": 36.32261614550562,
    "p5": 36.501568358971326,
    "p10": 36.58125612208408,
    "p25": 36.72280007544147,
    "p50": 36.8759746400538,
    "p75": 37.05323550971685,
    "p90": 37.233724248707446,
    "p95": 37.33568862182013,
    "p99": 37.46323197646838,
    "min": 35.88195499549889,
    "max": 37.73454215539013,
    "std": 0.2544697680632331
  },
  "output_sequence_length": {
    "unit": "tokens",
    "avg": 606.85,
    "p1": 266.0,
    "p5": 392.0,
    "p10": 454.0,
    "p25": 518.0,
    "p50": 597.0,
    "p75": 707.5,
    "p90": 779.0,
    "p95": 787.0,
    "p99": 834.3699999999997,
    "min": 266.0,
    "max": 871.0,
    "std": 126.6143521353984
  },
  "input_sequence_length": {
    "unit": "tokens",
    "avg": 185.18333333333334,
    "p1": 86.0,
    "p5": 101.0,
    "p10": 122.9,
    "p25": 145.0,
    "p50": 183.0,
    "p75": 217.0,
    "p90": 257.0,
    "p95": 283.0,
    "p99": 327.1199999999999,
    "min": 86.0,
    "max": 339.0,
    "std": 52.90437652553478
  },
  "output_token_count": {
    "unit": "tokens",
    "avg": 606.85,
    "p1": 266.0,
    "p5": 392.0,
    "p10": 454.0,
    "p25": 518.0,
    "p50": 597.0,
    "p75": 707.5,
    "p90": 779.0,
    "p95": 787.0,
    "p99": 834.3699999999997,
    "min": 266.0,
    "max": 871.0,
    "std": 126.6143521353984
  },
  "min_request_timestamp": {
    "unit": "ns",
    "avg": 1.7645834001852488e18
  },
  "max_response_timestamp": {
    "unit": "ns",
    "avg": 1.7645838589404667e18
  },
  "inter_chunk_latency": {
    "unit": "ms",
    "avg": 27.174080923930994,
    "p1": 0.910322,
    "p5": 22.222115,
    "p10": 25.2704676,
    "p25": 26.493299,
    "p50": 27.088100999999998,
    "p75": 27.685582999999998,
    "p90": 28.862480400000003,
    "p95": 31.446631800000002,
    "p99": 48.42665835999988,
    "min": 0.006686999999999999,
    "max": 304.051336,
    "std": 7.405777442064291
  },
  "total_output_tokens": {
    "unit": "tokens",
    "avg": 364110.0
  },
  "benchmark_duration": {
    "unit": "sec",
    "avg": 458.755217969
  },
  "total_isl": {
    "unit": "tokens",
    "avg": 111110.0
  },
  "total_osl": {
    "unit": "tokens",
    "avg": 364110.0
  },
  "telemetry_data": {
    "summary": {
      "endpoints_configured": [],
      "endpoints_successful": [],
      "start_time": "2025-12-01T18:03:20.182953",
      "end_time": "2025-12-01T18:11:01.894624"
    },
    "endpoints": {}
  },
  "input_config": {
    "endpoint": {
      "model_names": [
        "Qwen/Qwen3-0.6B"
      ],
      "custom_endpoint": "/v1/chat/completions",
      "type": "chat",
      "streaming": true,
      "url": "http://localhost:8000"
    },
    "input": {
      "extra": [
        [
          "ignore_eos",
          true
        ],
        [
          "min_tokens",
          500
        ]
      ],
      "prompt": {
        "input_tokens": {
          "mean": 180,
          "stddev": 50.0
        },
        "output_tokens": {
          "mean": 600,
          "stddev": 120.0
        }
      }
    },
    "loadgen": {
      "concurrency": 24,
      "request_rate_mode": "concurrency_burst",
      "request_count": 600,
      "warmup_request_count": 40
    },
    "cli_command": "aiperf profile --model \"Qwen/Qwen3-0.6B\" --url \"http://localhost:8000\" --endpoint-type \"chat\" --endpoint \"/v1/chat/completions\" --streaming --warmup-request-count 40 --extra-inputs \"ignore_eos:true\" --concurrency 24 --request-count 600 --synthetic-input-tokens-mean 180 --synthetic-input-tokens-stddev 50 --output-tokens-mean 600 --output-tokens-stddev 120 --extra-inputs \"min_tokens:500\""
  },
  "was_cancelled": false,
  "error_summary": [],
  "start_time": "2025-12-01T18:03:20.182953",
  "end_time": "2025-12-01T18:11:01.894624",
  "time_to_first_output_token": {
    "unit": "ms",
    "avg": 253.15497269666665,
    "p1": 227.2930701,
    "p5": 229.3320795,
    "p10": 230.5346373,
    "p25": 234.3572305,
    "p50": 241.08719499999998,
    "p75": 249.9151355,
    "p90": 258.2588699,
    "p95": 283.74185294999995,
    "p99": 460.7657260699985,
    "min": 226.098493,
    "max": 643.39717,
    "std": 54.713465005120355
  },
  "prefill_throughput": {
    "unit": "tokens/sec",
    "avg": 747.8008228195735,
    "p1": 339.04364124281665,
    "p5": 392.4896790943485,
    "p10": 476.7489521782378,
    "p25": 571.3894645759756,
    "p50": 746.2685346262883,
    "p75": 863.9427132733122,
    "p90": 1057.605520149677,
    "p95": 1166.0279874260175,
    "p99": 1369.279958772885,
    "min": 247.81825612755458,
    "max": 1461.1974995402184,
    "std": 229.68781200261057
  }
}