{
  "request_throughput": {
    "unit": "requests/sec",
    "avg": 20.686622298729258
  },
  "request_latency": {
    "unit": "ms",
    "avg": 8483.647939609999,
    "p1": 3275.41035503,
    "p5": 4915.2285517499995,
    "p10": 5809.9305643,
    "p25": 6861.475923999999,
    "p50": 7999.096579,
    "p75": 9629.6843135,
    "p90": 12435.170849900001,
    "p95": 13859.549478449997,
    "p99": 15826.33416419,
    "min": 1203.801543,
    "max": 18320.907832,
    "std": 2570.923792791835
  },
  "request_count": {
    "unit": "requests",
    "avg": 2000.0
  },
  "time_to_first_token": {
    "unit": "ms",
    "avg": 1704.2912774154997,
    "p1": 265.99088209999996,
    "p5": 271.72330189999997,
    "p10": 276.9987895,
    "p25": 287.49489675,
    "p50": 309.243389,
    "p75": 521.9481185,
    "p90": 7320.2094737,
    "p95": 9279.9459268,
    "p99": 11597.376426989998,
    "min": 231.262123,
    "max": 13859.822717,
    "std": 3038.5743048164186
  },
  "time_to_second_token": {
    "unit": "ms",
    "avg": 83.7156021645,
    "p1": 4.935895540000001,
    "p5": 22.53159535,
    "p10": 32.301603199999995,
    "p25": 80.34465374999999,
    "p50": 92.3197275,
    "p75": 97.16349199999999,
    "p90": 102.30276629999999,
    "p95": 106.14587124999998,
    "p99": 248.37147889999997,
    "min": 0.007969,
    "max": 361.043192,
    "std": 34.60216824712025
  },
  "inter_token_latency": {
    "unit": "ms",
    "avg": 43.09628437074759,
    "p1": 10.349412677493932,
    "p5": 14.035701938325825,
    "p10": 18.152664339747986,
    "p25": 45.7482503492647,
    "p50": 47.44152072977207,
    "p75": 48.909604860990335,
    "p90": 50.28152681539933,
    "p95": 50.847828235446414,
    "p99": 51.21066109049388,
    "min": 7.109960269841269,
    "max": 52.854004399999994,
    "std": 11.140524506208852
  },
  "output_token_throughput": {
    "unit": "tokens/sec",
    "avg": 3276.2644931835453
  },
  "output_token_throughput_per_user": {
    "unit": "tokens/sec/user",
    "avg": 27.415836534019796,
    "p1": 19.527183963473778,
    "p5": 19.66652333042888,
    "p10": 19.888019973277242,
    "p25": 20.445881802929154,
    "p50": 21.078582331682682,
    "p75": 21.858759458132344,
    "p90": 55.08833270589429,
    "p95": 71.2470333013808,
    "p99": 96.62384088078193,
    "min": 18.920042319442498,
    "max": 140.64776201939662,
    "std": 17.218704099378627
  },
  "output_sequence_length": {
    "unit": "tokens",
    "avg": 158.376,
    "p1": 90.96000000000001,
    "p5": 111.70000000000002,
    "p10": 119.0,
    "p25": 137.75,
    "p50": 156.0,
    "p75": 177.25,
    "p90": 198.3000000000004,
    "p95": 210.14999999999986,
    "p99": 219.3299999999997,
    "min": 87.0,
    "max": 252.0,
    "std": 30.648223831080326
  },
  "input_sequence_length": {
    "unit": "tokens",
    "avg": 943.83,
    "p1": 614.2200000000001,
    "p5": 693.1500000000001,
    "p10": 714.9000000000001,
    "p25": 816.5,
    "p50": 925.0,
    "p75": 1075.25,
    "p90": 1184.4000000000005,
    "p95": 1249.5499999999995,
    "p99": 1407.079999999999,
    "min": 537.0,
    "max": 1514.0,
    "std": 187.42262696910424
  },
  "output_token_count": {
    "unit": "tokens",
    "avg": 158.376,
    "p1": 90.96000000000001,
    "p5": 111.70000000000002,
    "p10": 119.0,
    "p25": 137.75,
    "p50": 156.0,
    "p75": 177.25,
    "p90": 198.3000000000004,
    "p95": 210.14999999999986,
    "p99": 219.3299999999997,
    "min": 87.0,
    "max": 252.0,
    "std": 30.648223831080326
  },
  "min_request_timestamp": {
    "unit": "ns",
    "avg": 1.7646553748978706e18
  },
  "max_response_timestamp": {
    "unit": "ns",
    "avg": 1.7646554715787095e18
  },
  "inter_chunk_latency": {
    "unit": "ms",
    "avg": 43.05720331657351,
    "p1": 0.026579949999999998,
    "p5": 9.55998155,
    "p10": 14.5659593,
    "p25": 40.8155595,
    "p50": 46.674234,
    "p75": 50.22261475,
    "p90": 53.9965377,
    "p95": 58.13098109999999,
    "p99": 94.40135954,
    "min": 0.006135,
    "max": 361.043192,
    "std": 21.74259135340685
  },
  "total_output_tokens": {
    "unit": "tokens",
    "avg": 316752.0
  },
  "benchmark_duration": {
    "unit": "sec",
    "avg": 96.680839004
  },
  "total_isl": {
    "unit": "tokens",
    "avg": 1887660.0
  },
  "total_osl": {
    "unit": "tokens",
    "avg": 316752.0
  },
  "telemetry_data": {
    "summary": {
      "endpoints_configured": [],
      "endpoints_successful": [],
      "start_time": "2025-12-02T14:02:54.892370",
      "end_time": "2025-12-02T14:04:34.511913"
    },
    "endpoints": {}
  },
  "input_config": {
    "endpoint": {
      "model_names": [
        "Qwen/Qwen3-0.6B"
      ],
      "custom_endpoint": "/v1/chat/completions",
      "type": "chat",
      "streaming": true,
      "url": "http://localhost:8000"
    },
    "input": {
      "extra": [
        [
          "ignore_eos",
          true
        ],
        [
          "min_tokens",
          160
        ]
      ],
      "prompt": {
        "input_tokens": {
          "mean": 900,
          "stddev": 200.0
        },
        "output_tokens": {
          "mean": 160,
          "stddev": 40.0
        }
      }
    },
    "loadgen": {
      "concurrency": 192,
      "request_rate_mode": "concurrency_burst",
      "request_count": 2000,
      "warmup_request_count": 500
    },
    "cli_command": "aiperf profile --model \"Qwen/Qwen3-0.6B\" --url \"http://localhost:8000\" --endpoint-type \"chat\" --endpoint \"/v1/chat/completions\" --streaming --warmup-request-count 500 --extra-inputs \"ignore_eos:true\" --concurrency 192 --request-count 2000 --synthetic-input-tokens-mean 900 --synthetic-input-tokens-stddev 200 --output-tokens-mean 160 --output-tokens-stddev 40 --extra-inputs \"min_tokens:160\""
  },
  "was_cancelled": false,
  "error_summary": [],
  "start_time": "2025-12-02T14:02:54.892370",
  "end_time": "2025-12-02T14:04:34.511913",
  "time_to_first_output_token": {
    "unit": "ms",
    "avg": 1704.2912774154997,
    "p1": 265.99088209999996,
    "p5": 271.72330189999997,
    "p10": 276.9987895,
    "p25": 287.49489675,
    "p50": 309.243389,
    "p75": 521.9481185,
    "p90": 7320.2094737,
    "p95": 9279.9459268,
    "p99": 11597.376426989998,
    "min": 231.262123,
    "max": 13859.822717,
    "std": 3038.5743048164186
  },
  "prefill_throughput": {
    "unit": "tokens/sec",
    "avg": 2419.8079528541584,
    "p1": 70.0880560758057,
    "p5": 99.79810889312877,
    "p10": 126.38148303053872,
    "p25": 1680.4961098313738,
    "p50": 2760.0744834424413,
    "p75": 3357.2498455839686,
    "p90": 3884.3294362256424,
    "p95": 4148.373554893249,
    "p99": 4711.475136898532,
    "min": 47.09983154334769,
    "max": 5468.599960029374,
    "std": 1330.5650468366875
  }
}