{
  "request_throughput": {
    "unit": "requests/sec",
    "avg": 9.536080940716028
  },
  "request_latency": {
    "unit": "ms",
    "avg": 4677.3421300383325,
    "p1": 1664.2681392999998,
    "p5": 2607.4568233,
    "p10": 2977.9535404,
    "p25": 3749.6512319999997,
    "p50": 4945.8951584999995,
    "p75": 5520.809471,
    "p90": 6231.8669301,
    "p95": 6457.435968899999,
    "p99": 7116.1492242799995,
    "min": 1081.604437,
    "max": 8119.7863449999995,
    "std": 1215.932960161019
  },
  "request_count": {
    "unit": "requests",
    "avg": 600.0
  },
  "time_to_first_token": {
    "unit": "ms",
    "avg": 307.1088274716667,
    "p1": 240.04492656,
    "p5": 243.7738463,
    "p10": 246.0477645,
    "p25": 251.741018,
    "p50": 260.57462449999997,
    "p75": 270.59619875,
    "p90": 304.18699300000014,
    "p95": 783.1211768499992,
    "p99": 1024.65359324,
    "min": 232.585594,
    "max": 1079.923033,
    "std": 160.50458235660773
  },
  "time_to_second_token": {
    "unit": "ms",
    "avg": 51.999634584999995,
    "p1": 15.846926539999998,
    "p5": 37.8867643,
    "p10": 46.5056782,
    "p25": 50.03762675,
    "p50": 52.811702499999996,
    "p75": 55.1417765,
    "p90": 57.148613299999994,
    "p95": 58.928683799999995,
    "p99": 77.04504477999997,
    "min": 6.950195,
    "max": 261.12618,
    "std": 12.25613239636568
  },
  "inter_token_latency": {
    "unit": "ms",
    "avg": 26.7951794226624,
    "p1": 16.943289025964972,
    "p5": 24.989646543850128,
    "p10": 25.89549041470696,
    "p25": 26.677482645506323,
    "p50": 27.22731625931507,
    "p75": 27.5718403049812,
    "p90": 27.829137922309734,
    "p95": 28.013977305714285,
    "p99": 28.47602314635683,
    "min": 13.78417689423077,
    "max": 29.15330629032258,
    "std": 1.8158957822265394
  },
  "output_token_throughput": {
    "unit": "tokens/sec",
    "avg": 1566.5238030678909
  },
  "output_token_throughput_per_user": {
    "unit": "tokens/sec/user",
    "avg": 37.57526203296342,
    "p1": 35.11726460545138,
    "p5": 35.69646641343677,
    "p10": 35.9335601012597,
    "p25": 36.26888844001672,
    "p50": 36.72782116108412,
    "p75": 37.48479621626959,
    "p90": 38.6167664998873,
    "p95": 40.01675012446599,
    "p99": 59.02063510226394,
    "min": 34.30142674184263,
    "max": 72.54695058495223,
    "std": 3.8339842679163643
  },
  "output_sequence_length": {
    "unit": "tokens",
    "avg": 164.27333333333334,
    "p1": 62.690000000000005,
    "p5": 90.9,
    "p10": 101.70000000000002,
    "p25": 132.0,
    "p50": 177.0,
    "p75": 194.25,
    "p90": 221.10000000000002,
    "p95": 229.04999999999995,
    "p99": 234.24999999999977,
    "min": 32.0,
    "max": 259.0,
    "std": 43.58427035321599
  },
  "input_sequence_length": {
    "unit": "tokens",
    "avg": 921.18,
    "p1": 460.28000000000003,
    "p5": 585.9500000000002,
    "p10": 649.3000000000001,
    "p25": 812.0,
    "p50": 916.5,
    "p75": 1039.0,
    "p90": 1198.2000000000007,
    "p95": 1243.5499999999995,
    "p99": 1296.3599999999997,
    "min": 389.0,
    "max": 1332.0,
    "std": 199.85951966318743
  },
  "output_token_count": {
    "unit": "tokens",
    "avg": 164.27333333333334,
    "p1": 62.690000000000005,
    "p5": 90.9,
    "p10": 101.70000000000002,
    "p25": 132.0,
    "p50": 177.0,
    "p75": 194.25,
    "p90": 221.10000000000002,
    "p95": 229.04999999999995,
    "p99": 234.24999999999977,
    "min": 32.0,
    "max": 259.0,
    "std": 43.58427035321599
  },
  "min_request_timestamp": {
    "unit": "ns",
    "avg": 1.76464678003395e18
  },
  "max_response_timestamp": {
    "unit": "ns",
    "avg": 1.764646842952879e18
  },
  "inter_chunk_latency": {
    "unit": "ms",
    "avg": 26.758714808759898,
    "p1": 3.98785352,
    "p5": 18.517013199999997,
    "p10": 22.721880900000002,
    "p25": 25.263095999999997,
    "p50": 26.947307,
    "p75": 28.46613875,
    "p90": 30.2698145,
    "p95": 32.2318181,
    "p99": 49.08074529999999,
    "min": 0.007129,
    "max": 264.286325,
    "std": 7.573110548069634
  },
  "total_output_tokens": {
    "unit": "tokens",
    "avg": 98564.0
  },
  "benchmark_duration": {
    "unit": "sec",
    "avg": 62.918929037000005
  },
  "total_isl": {
    "unit": "tokens",
    "avg": 552708.0
  },
  "total_osl": {
    "unit": "tokens",
    "avg": 98564.0
  },
  "telemetry_data": {
    "summary": {
      "endpoints_configured": [],
      "endpoints_successful": [],
      "start_time": "2025-12-02T11:39:40.031526",
      "end_time": "2025-12-02T11:40:42.956472"
    },
    "endpoints": {}
  },
  "input_config": {
    "endpoint": {
      "model_names": [
        "Qwen/Qwen3-0.6B"
      ],
      "custom_endpoint": "/v1/chat/completions",
      "type": "chat",
      "streaming": true,
      "url": "http://localhost:8000"
    },
    "input": {
      "extra": [
        [
          "ignore_eos",
          true
        ],
        [
          "min_tokens",
          160
        ]
      ],
      "prompt": {
        "input_tokens": {
          "mean": 900,
          "stddev": 200.0
        },
        "output_tokens": {
          "mean": 160,
          "stddev": 40.0
        }
      }
    },
    "loadgen": {
      "concurrency": 48,
      "request_rate_mode": "concurrency_burst",
      "request_count": 600,
      "warmup_request_count": 100
    },
    "cli_command": "aiperf profile --model \"Qwen/Qwen3-0.6B\" --url \"http://localhost:8000\" --endpoint-type \"chat\" --endpoint \"/v1/chat/completions\" --streaming --warmup-request-count 100 --extra-inputs \"ignore_eos:true\" --concurrency 48 --request-count 600 --synthetic-input-tokens-mean 900 --synthetic-input-tokens-stddev 200 --output-tokens-mean 160 --output-tokens-stddev 40 --extra-inputs \"min_tokens:160\""
  },
  "was_cancelled": false,
  "error_summary": [],
  "start_time": "2025-12-02T11:39:40.031526",
  "end_time": "2025-12-02T11:40:42.956472",
  "time_to_first_output_token": {
    "unit": "ms",
    "avg": 307.1088274716667,
    "p1": 240.04492656,
    "p5": 243.7738463,
    "p10": 246.0477645,
    "p25": 251.741018,
    "p50": 260.57462449999997,
    "p75": 270.59619875,
    "p90": 304.18699300000014,
    "p95": 783.1211768499992,
    "p99": 1024.65359324,
    "min": 232.585594,
    "max": 1079.923033,
    "std": 160.50458235660773
  },
  "prefill_throughput": {
    "unit": "tokens/sec",
    "avg": 3332.507431114692,
    "p1": 840.26187959638,
    "p5": 1225.8464721472146,
    "p10": 1847.8450768326556,
    "p25": 2864.4033083217755,
    "p50": 3456.828905309686,
    "p75": 3954.154725481214,
    "p90": 4516.846864711593,
    "p95": 4779.11518203714,
    "p99": 5109.168624293569,
    "min": 626.4631371538823,
    "max": 5270.597792942714,
    "std": 979.3541988779953
  }
}