{
  "request_throughput": {
    "unit": "requests/sec",
    "avg": 1.23768085343598
  },
  "request_latency": {
    "unit": "ms",
    "avg": 17115.02574542833,
    "p1": 10741.07901529,
    "p5": 12268.154346899999,
    "p10": 13224.8728687,
    "p25": 14988.39131775,
    "p50": 17367.1181965,
    "p75": 19289.17583475,
    "p90": 20716.387322299997,
    "p95": 21712.525481799996,
    "p99": 23370.21636839,
    "min": 9884.332803,
    "max": 24458.493911999998,
    "std": 2934.9461520171503
  },
  "request_count": {
    "unit": "requests",
    "avg": 600.0
  },
  "time_to_first_token": {
    "unit": "ms",
    "avg": 372.37834866500003,
    "p1": 311.00064476,
    "p5": 315.8396813,
    "p10": 319.11326379999997,
    "p25": 324.0196335,
    "p50": 330.930564,
    "p75": 368.17693125,
    "p90": 405.2777361,
    "p95": 448.09074425,
    "p99": 1240.01258459,
    "min": 297.87530899999996,
    "max": 1261.233924,
    "std": 143.9793289716442
  },
  "time_to_second_token": {
    "unit": "ms",
    "avg": 27.87396025,
    "p1": 0.02907638,
    "p5": 18.7069572,
    "p10": 24.8863353,
    "p25": 26.84162225,
    "p50": 27.789963999999998,
    "p75": 28.611060249999998,
    "p90": 29.9356094,
    "p95": 33.072708949999985,
    "p99": 50.049866249999965,
    "min": 0.014922999999999999,
    "max": 181.628762,
    "std": 11.410614918977753
  },
  "inter_token_latency": {
    "unit": "ms",
    "avg": 27.99051351139791,
    "p1": 27.38341081050301,
    "p5": 27.73807482190164,
    "p10": 27.787883915007974,
    "p25": 27.90453487247605,
    "p50": 28.007923768690652,
    "p75": 28.094665723336263,
    "p90": 28.177933808838326,
    "p95": 28.244996535286873,
    "p99": 28.376320226154593,
    "min": 27.021900499999997,
    "max": 28.564187856321837,
    "std": 0.17751663920669467
  },
  "output_token_throughput": {
    "unit": "tokens/sec",
    "avg": 741.4162128394447
  },
  "output_token_throughput_per_user": {
    "unit": "tokens/sec/user",
    "avg": 35.72783705471272,
    "p1": 35.24065109555541,
    "p5": 35.40450071576648,
    "p10": 35.48876247986059,
    "p25": 35.59394552221745,
    "p50": 35.704181725811395,
    "p75": 35.83646903971871,
    "p90": 35.98690725395937,
    "p95": 36.051528694310434,
    "p99": 36.518461362930516,
    "min": 35.00887212442413,
    "max": 37.0070195469782,
    "std": 0.22820494612596534
  },
  "output_sequence_length": {
    "unit": "tokens",
    "avg": 599.0366666666666,
    "p1": 349.0,
    "p5": 424.0,
    "p10": 462.0,
    "p25": 523.0,
    "p50": 609.0,
    "p75": 679.0,
    "p90": 726.1,
    "p95": 763.0,
    "p99": 821.01,
    "min": 349.0,
    "max": 850.0,
    "std": 104.28409269341556
  },
  "input_sequence_length": {
    "unit": "tokens",
    "avg": 181.33833333333334,
    "p1": 70.97,
    "p5": 88.9,
    "p10": 111.0,
    "p25": 149.0,
    "p50": 184.0,
    "p75": 217.0,
    "p90": 248.0,
    "p95": 259.0,
    "p99": 307.0,
    "min": 68.0,
    "max": 318.0,
    "std": 51.55292294224343
  },
  "output_token_count": {
    "unit": "tokens",
    "avg": 599.0366666666666,
    "p1": 349.0,
    "p5": 424.0,
    "p10": 462.0,
    "p25": 523.0,
    "p50": 609.0,
    "p75": 679.0,
    "p90": 726.1,
    "p95": 763.0,
    "p99": 821.01,
    "min": 349.0,
    "max": 850.0,
    "std": 104.28409269341556
  },
  "min_request_timestamp": {
    "unit": "ns",
    "avg": 1.7654447631180925e18
  },
  "max_response_timestamp": {
    "unit": "ns",
    "avg": 1.76544524789573e18
  },
  "inter_chunk_latency": {
    "unit": "ms",
    "avg": 28.09011922727476,
    "p1": 0.24015498999999998,
    "p5": 22.11490085,
    "p10": 25.7627055,
    "p25": 27.13995575,
    "p50": 27.933844999999998,
    "p75": 28.702854249999998,
    "p90": 30.0348539,
    "p95": 33.43456995,
    "p99": 54.87360112999999,
    "min": 0.006486,
    "max": 311.98418899999996,
    "std": 8.58324751304405
  },
  "total_output_tokens": {
    "unit": "tokens",
    "avg": 359422.0
  },
  "benchmark_duration": {
    "unit": "sec",
    "avg": 484.77763741300004
  },
  "total_isl": {
    "unit": "tokens",
    "avg": 108803.0
  },
  "total_osl": {
    "unit": "tokens",
    "avg": 359422.0
  },
  "telemetry_data": {
    "summary": {
      "endpoints_configured": [],
      "endpoints_successful": [],
      "start_time": "2025-12-11T17:19:23.114768",
      "end_time": "2025-12-11T17:27:27.958186"
    },
    "endpoints": {}
  },
  "input_config": {
    "endpoint": {
      "model_names": [
        "Qwen/Qwen3-0.6B"
      ],
      "custom_endpoint": "/v1/chat/completions",
      "type": "chat",
      "streaming": true,
      "url": "http://localhost:8000"
    },
    "input": {
      "extra": [
        [
          "ignore_eos",
          true
        ],
        [
          "min_tokens",
          500
        ]
      ],
      "prompt": {
        "input_tokens": {
          "mean": 180,
          "stddev": 50.0
        },
        "output_tokens": {
          "mean": 600,
          "stddev": 120.0
        }
      }
    },
    "loadgen": {
      "concurrency": 24,
      "request_rate_mode": "concurrency_burst",
      "request_count": 600,
      "warmup_request_count": 40
    },
    "cli_command": "aiperf profile --model \"Qwen/Qwen3-0.6B\" --url \"http://localhost:8000\" --endpoint-type \"chat\" --endpoint \"/v1/chat/completions\" --streaming --warmup-request-count 40 --extra-inputs \"ignore_eos:true\" --concurrency 24 --request-count 600 --synthetic-input-tokens-mean 180 --synthetic-input-tokens-stddev 50 --output-tokens-mean 600 --output-tokens-stddev 120 --extra-inputs \"min_tokens:500\""
  },
  "was_cancelled": false,
  "error_summary": [],
  "start_time": "2025-12-11T17:19:23.114768",
  "end_time": "2025-12-11T17:27:27.958186",
  "time_to_first_output_token": {
    "unit": "ms",
    "avg": 372.37834866500003,
    "p1": 311.00064476,
    "p5": 315.8396813,
    "p10": 319.11326379999997,
    "p25": 324.0196335,
    "p50": 330.930564,
    "p75": 368.17693125,
    "p90": 405.2777361,
    "p95": 448.09074425,
    "p99": 1240.01258459,
    "min": 297.87530899999996,
    "max": 1261.233924,
    "std": 143.9793289716442
  },
  "prefill_throughput": {
    "unit": "tokens/sec",
    "avg": 513.70039387243,
    "p1": 150.4783857640312,
    "p5": 221.02785382825834,
    "p10": 283.8687416175664,
    "p25": 410.1155607508985,
    "p50": 518.8748847395991,
    "p75": 607.3816964568055,
    "p90": 726.1522613795996,
    "p95": 780.6033371478867,
    "p99": 941.3962346207427,
    "min": 57.91389706411861,
    "max": 971.6534883463272,
    "std": 163.35550993324378
  }
}