{
  "request_throughput": {
    "unit": "requests/sec",
    "avg": 1.2956986126499348
  },
  "request_latency": {
    "unit": "ms",
    "avg": 16525.924982401666,
    "p1": 8086.007745129999,
    "p5": 11180.235067049998,
    "p10": 12354.3808885,
    "p25": 14311.3220255,
    "p50": 16582.764736499998,
    "p75": 18559.331187249998,
    "p90": 20427.835355,
    "p95": 21874.729887149977,
    "p99": 26928.871635239997,
    "min": 7706.104585,
    "max": 27434.904069,
    "std": 3450.57248752115
  },
  "request_count": {
    "unit": "requests",
    "avg": 600.0
  },
  "time_to_first_token": {
    "unit": "ms",
    "avg": 369.2122767116666,
    "p1": 314.23550251,
    "p5": 318.42111464999994,
    "p10": 320.355261,
    "p25": 324.08029425,
    "p50": 329.9190575,
    "p75": 361.01088925,
    "p90": 408.04092139999995,
    "p95": 460.0177680499993,
    "p99": 1057.73264584,
    "min": 299.055701,
    "max": 1188.749028,
    "std": 127.22550941357893
  },
  "time_to_second_token": {
    "unit": "ms",
    "avg": 28.260761105,
    "p1": 18.232311990000003,
    "p5": 24.43194865,
    "p10": 25.7620522,
    "p25": 26.9248415,
    "p50": 27.723654,
    "p75": 28.54000025,
    "p90": 30.0387868,
    "p95": 31.814554249999993,
    "p99": 40.77476380999999,
    "min": 0.024789,
    "max": 161.847723,
    "std": 8.639568791725216
  },
  "inter_token_latency": {
    "unit": "ms",
    "avg": 27.977981494983275,
    "p1": 27.480693513878478,
    "p5": 27.68151175585287,
    "p10": 27.76472599214707,
    "p25": 27.87565551827833,
    "p50": 27.981114457809653,
    "p75": 28.07200937493832,
    "p90": 28.164690554756824,
    "p95": 28.220681028672466,
    "p99": 28.408043620641912,
    "min": 27.164825159055116,
    "max": 33.70503293158661,
    "std": 0.2901987325298232
  },
  "output_token_throughput": {
    "unit": "tokens/sec",
    "avg": 749.3737711191529
  },
  "output_token_throughput_per_user": {
    "unit": "tokens/sec/user",
    "avg": 35.74582051229274,
    "p1": 35.20130030187628,
    "p5": 35.43500594628328,
    "p10": 35.505449579837,
    "p25": 35.62267263147294,
    "p50": 35.738390680653225,
    "p75": 35.87359584646482,
    "p90": 36.01692306830673,
    "p95": 36.12519463921345,
    "p99": 36.38918478312182,
    "min": 29.669159559338446,
    "max": 36.81231129391827,
    "std": 0.3319198233122985
  },
  "output_sequence_length": {
    "unit": "tokens",
    "avg": 578.355,
    "p1": 281.87,
    "p5": 390.0,
    "p10": 430.0,
    "p25": 499.0,
    "p50": 583.0,
    "p75": 650.0,
    "p90": 713.0,
    "p95": 749.0,
    "p99": 943.1999999999998,
    "min": 269.0,
    "max": 963.0,
    "std": 122.58238987853571
  },
  "input_sequence_length": {
    "unit": "tokens",
    "avg": 182.105,
    "p1": 86.69000000000001,
    "p5": 103.0,
    "p10": 119.0,
    "p25": 150.5,
    "p50": 180.0,
    "p75": 213.0,
    "p90": 244.0,
    "p95": 269.0,
    "p99": 296.0,
    "min": 56.0,
    "max": 320.0,
    "std": 49.03224083872434
  },
  "output_token_count": {
    "unit": "tokens",
    "avg": 578.355,
    "p1": 281.87,
    "p5": 390.0,
    "p10": 430.0,
    "p25": 499.0,
    "p50": 583.0,
    "p75": 650.0,
    "p90": 713.0,
    "p95": 749.0,
    "p99": 943.1999999999998,
    "min": 269.0,
    "max": 963.0,
    "std": 122.58238987853571
  },
  "min_request_timestamp": {
    "unit": "ns",
    "avg": 1.7643009443312873e18
  },
  "max_response_timestamp": {
    "unit": "ns",
    "avg": 1.7643014074019384e18
  },
  "inter_chunk_latency": {
    "unit": "ms",
    "avg": 28.03338208001087,
    "p1": 15.85901702,
    "p5": 24.2832077,
    "p10": 25.865088999999998,
    "p25": 27.130571999999997,
    "p50": 27.905465,
    "p75": 28.675952,
    "p90": 29.984984999999998,
    "p95": 31.98425879999998,
    "p99": 41.57221427999999,
    "min": 0.006902999999999999,
    "max": 296.86665999999997,
    "std": 5.405061555504131
  },
  "total_output_tokens": {
    "unit": "tokens",
    "avg": 347013.0
  },
  "benchmark_duration": {
    "unit": "sec",
    "avg": 463.07065095400003
  },
  "total_isl": {
    "unit": "tokens",
    "avg": 109263.0
  },
  "total_osl": {
    "unit": "tokens",
    "avg": 347013.0
  },
  "telemetry_data": {
    "summary": {
      "endpoints_configured": [],
      "endpoints_successful": [],
      "start_time": "2025-11-28T11:35:44.328020",
      "end_time": "2025-11-28T11:43:30.993535"
    },
    "endpoints": {}
  },
  "input_config": {
    "endpoint": {
      "model_names": [
        "Qwen/Qwen3-0.6B"
      ],
      "custom_endpoint": "/v1/chat/completions",
      "type": "chat",
      "streaming": true,
      "url": "http://localhost:8000"
    },
    "input": {
      "extra": [
        [
          "ignore_eos",
          true
        ],
        [
          "min_tokens",
          500
        ]
      ],
      "prompt": {
        "input_tokens": {
          "mean": 180,
          "stddev": 50.0
        },
        "output_tokens": {
          "mean": 600,
          "stddev": 120.0
        }
      }
    },
    "loadgen": {
      "concurrency": 24,
      "request_rate_mode": "concurrency_burst",
      "request_count": 600,
      "warmup_request_count": 40
    },
    "cli_command": "aiperf profile --model \"Qwen/Qwen3-0.6B\" --url \"http://localhost:8000\" --endpoint-type \"chat\" --endpoint \"/v1/chat/completions\" --streaming --warmup-request-count 40 --extra-inputs \"ignore_eos:true\" --concurrency 24 --request-count 600 --synthetic-input-tokens-mean 180 --synthetic-input-tokens-stddev 50 --output-tokens-mean 600 --output-tokens-stddev 120 --extra-inputs \"min_tokens:500\""
  },
  "was_cancelled": false,
  "error_summary": [],
  "start_time": "2025-11-28T11:35:44.328020",
  "end_time": "2025-11-28T11:43:30.993535",
  "time_to_first_output_token": {
    "unit": "ms",
    "avg": 369.2122767116666,
    "p1": 314.23550251,
    "p5": 318.42111464999994,
    "p10": 320.355261,
    "p25": 324.08029425,
    "p50": 329.9190575,
    "p75": 361.01088925,
    "p90": 408.04092139999995,
    "p95": 460.0177680499993,
    "p99": 1057.73264584,
    "min": 299.055701,
    "max": 1188.749028,
    "std": 127.22550941357893
  },
  "prefill_throughput": {
    "unit": "tokens/sec",
    "avg": 517.6014889222316,
    "p1": 151.13201596706858,
    "p5": 263.0883764526351,
    "p10": 322.5688454595531,
    "p25": 412.6246864642891,
    "p50": 515.0199363215776,
    "p75": 622.4292366991208,
    "p90": 719.6303204441585,
    "p95": 779.4357915300184,
    "p99": 911.7982177955455,
    "min": 89.1554169925976,
    "max": 1009.7437080826396,
    "std": 158.7284729892101
  }
}