{
  "request_throughput": {
    "unit": "requests/sec",
    "avg": 14.475352613701817
  },
  "request_latency": {
    "unit": "ms",
    "avg": 1507.3219318216666,
    "p1": 818.10608814,
    "p5": 1043.03595655,
    "p10": 1143.9181267,
    "p25": 1312.18739025,
    "p50": 1509.920236,
    "p75": 1696.58659975,
    "p90": 1846.7620766999999,
    "p95": 1957.2140048999997,
    "p99": 2448.31710691,
    "min": 774.6553269999999,
    "max": 2628.678007,
    "std": 299.4343269321731
  },
  "request_count": {
    "unit": "requests",
    "avg": 600.0
  },
  "time_to_first_token": {
    "unit": "ms",
    "avg": 249.16262473999998,
    "p1": 217.47088806999997,
    "p5": 218.74246105,
    "p10": 219.4922183,
    "p25": 221.6679285,
    "p50": 226.52383,
    "p75": 235.9433755,
    "p90": 247.16785919999998,
    "p95": 308.8769699999982,
    "p99": 666.62619384,
    "min": 217.106193,
    "max": 826.0301509999999,
    "std": 90.34396032183238
  },
  "time_to_second_token": {
    "unit": "ms",
    "avg": 7.91130865,
    "p1": 0.021447749999999998,
    "p5": 0.4738873,
    "p10": 4.5298692,
    "p25": 6.81370275,
    "p50": 7.806824499999999,
    "p75": 8.8182595,
    "p90": 10.625372400000002,
    "p95": 13.483473699999996,
    "p99": 18.137055379999975,
    "min": 0.011698,
    "max": 46.654064999999996,
    "std": 4.025297078351817
  },
  "inter_token_latency": {
    "unit": "ms",
    "avg": 7.800997081675124,
    "p1": 6.827455817170357,
    "p5": 7.154657779937796,
    "p10": 7.277107594235427,
    "p25": 7.592076592220279,
    "p50": 7.836923623986773,
    "p75": 8.056317585383944,
    "p90": 8.238595724242424,
    "p95": 8.330415024096464,
    "p99": 8.557885952294608,
    "min": 6.4913891435897435,
    "max": 8.779693164556962,
    "std": 0.36497330854549137
  },
  "output_token_throughput": {
    "unit": "tokens/sec",
    "avg": 2347.202551899439
  },
  "output_token_throughput_per_user": {
    "unit": "tokens/sec/user",
    "avg": 128.47795746661762,
    "p1": 116.85129391590826,
    "p5": 120.04204061941522,
    "p10": 121.37990928779455,
    "p25": 124.12618964733447,
    "p50": 127.60109042866785,
    "p75": 131.71626864660394,
    "p90": 137.41724878910756,
    "p95": 139.76908909403457,
    "p99": 146.46744471914684,
    "min": 113.89919684630136,
    "max": 154.05023144968925,
    "std": 6.196982523596087
  },
  "output_sequence_length": {
    "unit": "tokens",
    "avg": 162.15166666666667,
    "p1": 79.96000000000001,
    "p5": 106.0,
    "p10": 116.0,
    "p25": 142.0,
    "p50": 162.0,
    "p75": 185.0,
    "p90": 206.0,
    "p95": 212.0,
    "p99": 218.6599999999994,
    "min": 76.0,
    "max": 284.0,
    "std": 34.468613702258985
  },
  "input_sequence_length": {
    "unit": "tokens",
    "avg": 904.1216666666667,
    "p1": 415.16,
    "p5": 553.0,
    "p10": 602.0,
    "p25": 756.0,
    "p50": 929.0,
    "p75": 1052.5,
    "p90": 1177.0,
    "p95": 1248.0,
    "p99": 1277.3199999999997,
    "min": 332.0,
    "max": 1309.0,
    "std": 217.20714428985883
  },
  "output_token_count": {
    "unit": "tokens",
    "avg": 162.15166666666667,
    "p1": 79.96000000000001,
    "p5": 106.0,
    "p10": 116.0,
    "p25": 142.0,
    "p50": 162.0,
    "p75": 185.0,
    "p90": 206.0,
    "p95": 212.0,
    "p99": 218.6599999999994,
    "min": 76.0,
    "max": 284.0,
    "std": 34.468613702258985
  },
  "min_request_timestamp": {
    "unit": "ns",
    "avg": 1.764577859617605e18
  },
  "max_response_timestamp": {
    "unit": "ns",
    "avg": 1.7645779010673725e18
  },
  "inter_chunk_latency": {
    "unit": "ms",
    "avg": 7.805281279715869,
    "p1": 0.0183112,
    "p5": 0.9052884999999999,
    "p10": 4.134614,
    "p25": 6.6256245,
    "p50": 7.578390499999999,
    "p75": 8.552199,
    "p90": 10.787087999999999,
    "p95": 14.465081999999999,
    "p99": 20.306747900000026,
    "min": 0.0072829999999999995,
    "max": 108.70735499999999,
    "std": 4.34725622254203
  },
  "total_output_tokens": {
    "unit": "tokens",
    "avg": 97291.0
  },
  "benchmark_duration": {
    "unit": "sec",
    "avg": 41.449767478000005
  },
  "total_isl": {
    "unit": "tokens",
    "avg": 542473.0
  },
  "total_osl": {
    "unit": "tokens",
    "avg": 97291.0
  },
  "telemetry_data": {
    "summary": {
      "endpoints_configured": [],
      "endpoints_successful": [],
      "start_time": "2025-12-01T16:30:59.608658",
      "end_time": "2025-12-01T16:31:41.070510"
    },
    "endpoints": {}
  },
  "input_config": {
    "endpoint": {
      "model_names": [
        "Qwen/Qwen3-0.6B"
      ],
      "custom_endpoint": "/v1/chat/completions",
      "type": "chat",
      "streaming": true,
      "url": "http://localhost:8000"
    },
    "input": {
      "extra": [
        [
          "ignore_eos",
          true
        ],
        [
          "min_tokens",
          160
        ]
      ],
      "prompt": {
        "input_tokens": {
          "mean": 900,
          "stddev": 200.0
        },
        "output_tokens": {
          "mean": 160,
          "stddev": 40.0
        }
      }
    },
    "loadgen": {
      "concurrency": 24,
      "request_rate_mode": "concurrency_burst",
      "request_count": 600,
      "warmup_request_count": 40
    },
    "cli_command": "aiperf profile --model \"Qwen/Qwen3-0.6B\" --url \"http://localhost:8000\" --endpoint-type \"chat\" --endpoint \"/v1/chat/completions\" --streaming --warmup-request-count 40 --extra-inputs \"ignore_eos:true\" --concurrency 24 --request-count 600 --synthetic-input-tokens-mean 900 --synthetic-input-tokens-stddev 200 --output-tokens-mean 160 --output-tokens-stddev 40 --extra-inputs \"min_tokens:160\""
  },
  "was_cancelled": false,
  "error_summary": [],
  "start_time": "2025-12-01T16:30:59.608658",
  "end_time": "2025-12-01T16:31:41.070510",
  "time_to_first_output_token": {
    "unit": "ms",
    "avg": 249.16262473999998,
    "p1": 217.47088806999997,
    "p5": 218.74246105,
    "p10": 219.4922183,
    "p25": 221.6679285,
    "p50": 226.52383,
    "p75": 235.9433755,
    "p90": 247.16785919999998,
    "p95": 308.8769699999982,
    "p99": 666.62619384,
    "min": 217.106193,
    "max": 826.0301509999999,
    "std": 90.34396032183238
  },
  "prefill_throughput": {
    "unit": "tokens/sec",
    "avg": 3814.7344854237667,
    "p1": 1053.936602731358,
    "p5": 1882.084030746223,
    "p10": 2413.9914250016814,
    "p25": 3063.202133486862,
    "p50": 3990.7485663829943,
    "p75": 4520.637044347541,
    "p90": 5078.090573644205,
    "p95": 5318.496121696909,
    "p99": 5733.179258673865,
    "min": 669.4670882540217,
    "max": 5912.082803195498,
    "std": 1050.3902345237898
  }
}