{
  "request_throughput": {
    "unit": "requests/sec",
    "avg": 1.2665801906228302
  },
  "request_latency": {
    "unit": "ms",
    "avg": 17006.862611901666,
    "p1": 8213.64865027,
    "p5": 11279.1975636,
    "p10": 12608.7078256,
    "p25": 14420.295304,
    "p50": 16863.792077,
    "p75": 19928.187298999997,
    "p90": 22002.6711352,
    "p95": 22384.207488049997,
    "p99": 23220.19938798,
    "min": 6654.924443999999,
    "max": 23562.278048,
    "std": 3510.0873539885947
  },
  "request_count": {
    "unit": "requests",
    "avg": 600.0
  },
  "time_to_first_token": {
    "unit": "ms",
    "avg": 386.057060315,
    "p1": 315.02677437,
    "p5": 316.94661935,
    "p10": 318.25548219999996,
    "p25": 321.7547755,
    "p50": 339.84459949999996,
    "p75": 376.24848449999996,
    "p90": 401.2077612,
    "p95": 469.7212276499991,
    "p99": 1388.52369172,
    "min": 312.93526499999996,
    "max": 1695.345889,
    "std": 191.640474037466
  },
  "time_to_second_token": {
    "unit": "ms",
    "avg": 27.235894289999997,
    "p1": 2.20590224,
    "p5": 23.0620786,
    "p10": 25.5827335,
    "p25": 26.635281,
    "p50": 27.277703,
    "p75": 27.92840825,
    "p90": 29.2846776,
    "p95": 31.93541794999999,
    "p99": 41.12678836,
    "min": 0.022815,
    "max": 60.434306,
    "std": 4.56808947868071
  },
  "inter_token_latency": {
    "unit": "ms",
    "avg": 27.510230958973413,
    "p1": 27.05613308684445,
    "p5": 27.241704474396286,
    "p10": 27.3305734972789,
    "p25": 27.425864147393984,
    "p50": 27.508754583078495,
    "p75": 27.621409390701917,
    "p90": 27.695819159840493,
    "p95": 27.74064481985904,
    "p99": 27.840929099462382,
    "min": 26.36865465641711,
    "max": 27.979555792405066,
    "std": 0.16162473257935714
  },
  "output_token_throughput": {
    "unit": "tokens/sec",
    "avg": 766.3633430392028
  },
  "output_token_throughput_per_user": {
    "unit": "tokens/sec/user",
    "avg": 36.351375801734655,
    "p1": 35.91834153372624,
    "p5": 36.04818873190807,
    "p10": 36.10653269972331,
    "p25": 36.203800687302405,
    "p50": 36.352063753037655,
    "p75": 36.4619322410078,
    "p90": 36.58906046433837,
    "p95": 36.708422621063505,
    "p99": 36.96019679479658,
    "min": 35.74038156357885,
    "max": 37.923815720975306,
    "std": 0.21499002785136348
  },
  "output_sequence_length": {
    "unit": "tokens",
    "avg": 605.065,
    "p1": 288.0,
    "p5": 398.95,
    "p10": 446.0,
    "p25": 511.75,
    "p50": 600.5,
    "p75": 710.0,
    "p90": 787.1,
    "p95": 801.0,
    "p99": 828.01,
    "min": 231.0,
    "max": 830.0,
    "std": 126.9341329522258
  },
  "input_sequence_length": {
    "unit": "tokens",
    "avg": 176.155,
    "p1": 79.88,
    "p5": 95.0,
    "p10": 115.0,
    "p25": 142.0,
    "p50": 174.0,
    "p75": 219.0,
    "p90": 238.0,
    "p95": 244.0,
    "p99": 280.0,
    "min": 68.0,
    "max": 288.0,
    "std": 47.8074712606025
  },
  "output_token_count": {
    "unit": "tokens",
    "avg": 605.065,
    "p1": 288.0,
    "p5": 398.95,
    "p10": 446.0,
    "p25": 511.75,
    "p50": 600.5,
    "p75": 710.0,
    "p90": 787.1,
    "p95": 801.0,
    "p99": 828.01,
    "min": 231.0,
    "max": 830.0,
    "std": 126.9341329522258
  },
  "min_request_timestamp": {
    "unit": "ns",
    "avg": 1.764595953823479e18
  },
  "max_response_timestamp": {
    "unit": "ns",
    "avg": 1.7645964275400305e18
  },
  "inter_chunk_latency": {
    "unit": "ms",
    "avg": 27.58090596327149,
    "p1": 0.34065606,
    "p5": 22.58352485,
    "p10": 25.5315697,
    "p25": 26.888333499999998,
    "p50": 27.501448,
    "p75": 28.1046905,
    "p90": 29.3580683,
    "p95": 31.820779650000002,
    "p99": 48.598749109999886,
    "min": 0.007298,
    "max": 302.149452,
    "std": 7.831066506066555
  },
  "total_output_tokens": {
    "unit": "tokens",
    "avg": 363039.0
  },
  "benchmark_duration": {
    "unit": "sec",
    "avg": 473.716551421
  },
  "total_isl": {
    "unit": "tokens",
    "avg": 105693.0
  },
  "total_osl": {
    "unit": "tokens",
    "avg": 363039.0
  },
  "telemetry_data": {
    "summary": {
      "endpoints_configured": [],
      "endpoints_successful": [],
      "start_time": "2025-12-01T21:32:33.819961",
      "end_time": "2025-12-01T21:40:29.399678"
    },
    "endpoints": {}
  },
  "input_config": {
    "endpoint": {
      "model_names": [
        "Qwen/Qwen3-0.6B"
      ],
      "custom_endpoint": "/v1/chat/completions",
      "type": "chat",
      "streaming": true,
      "url": "http://localhost:8000"
    },
    "input": {
      "extra": [
        [
          "ignore_eos",
          true
        ],
        [
          "min_tokens",
          500
        ]
      ],
      "prompt": {
        "input_tokens": {
          "mean": 180,
          "stddev": 50.0
        },
        "output_tokens": {
          "mean": 600,
          "stddev": 120.0
        }
      }
    },
    "loadgen": {
      "concurrency": 24,
      "request_rate_mode": "concurrency_burst",
      "request_count": 600,
      "warmup_request_count": 40
    },
    "cli_command": "aiperf profile --model \"Qwen/Qwen3-0.6B\" --url \"http://localhost:8000\" --endpoint-type \"chat\" --endpoint \"/v1/chat/completions\" --streaming --warmup-request-count 40 --extra-inputs \"ignore_eos:true\" --concurrency 24 --request-count 600 --synthetic-input-tokens-mean 180 --synthetic-input-tokens-stddev 50 --output-tokens-mean 600 --output-tokens-stddev 120 --extra-inputs \"min_tokens:500\""
  },
  "was_cancelled": false,
  "error_summary": [],
  "start_time": "2025-12-01T21:32:33.819961",
  "end_time": "2025-12-01T21:40:29.399678",
  "time_to_first_output_token": {
    "unit": "ms",
    "avg": 386.057060315,
    "p1": 315.02677437,
    "p5": 316.94661935,
    "p10": 318.25548219999996,
    "p25": 321.7547755,
    "p50": 339.84459949999996,
    "p75": 376.24848449999996,
    "p90": 401.2077612,
    "p95": 469.7212276499991,
    "p99": 1388.52369172,
    "min": 312.93526499999996,
    "max": 1695.345889,
    "std": 191.640474037466
  },
  "prefill_throughput": {
    "unit": "tokens/sec",
    "avg": 493.63183975588646,
    "p1": 113.79477527895598,
    "p5": 214.65169640717573,
    "p10": 286.65081369727096,
    "p25": 404.3094059078998,
    "p50": 490.2845977898166,
    "p75": 610.8065801668115,
    "p90": 705.1543391798397,
    "p95": 740.1182446301217,
    "p99": 842.6142236458023,
    "min": 47.790450189864025,
    "max": 889.5719428613857,
    "std": 157.25515084008066
  }
}