{
  "request_throughput": {
    "unit": "requests/sec",
    "avg": 14.294370507922922
  },
  "request_latency": {
    "unit": "ms",
    "avg": 1521.5879621816666,
    "p1": 711.18247461,
    "p5": 913.5679988999999,
    "p10": 1030.7688637,
    "p25": 1318.62153025,
    "p50": 1521.4526489999998,
    "p75": 1733.2544242499998,
    "p90": 2004.5695723,
    "p95": 2152.6973243999996,
    "p99": 2296.3263831,
    "min": 678.5609999999999,
    "max": 2874.423585,
    "std": 357.3936799150566
  },
  "request_count": {
    "unit": "requests",
    "avg": 600.0
  },
  "time_to_first_token": {
    "unit": "ms",
    "avg": 250.50320994666666,
    "p1": 222.23623372,
    "p5": 223.81432335,
    "p10": 225.02615319999998,
    "p25": 227.11935875,
    "p50": 229.61007949999998,
    "p75": 233.02328949999998,
    "p90": 242.81317909999999,
    "p95": 285.95079039999797,
    "p99": 754.9491355,
    "min": 221.297732,
    "max": 830.484346,
    "std": 91.18693271881612
  },
  "time_to_second_token": {
    "unit": "ms",
    "avg": 7.88264149,
    "p1": 0.01904678,
    "p5": 3.6649173,
    "p10": 6.037433099999999,
    "p25": 6.960733749999999,
    "p50": 7.745487,
    "p75": 8.556171749999999,
    "p90": 9.6317774,
    "p95": 11.686275149999995,
    "p99": 21.973445319999993,
    "min": 0.010875,
    "max": 29.099674999999998,
    "std": 3.001714769409094
  },
  "inter_token_latency": {
    "unit": "ms",
    "avg": 8.17394445520592,
    "p1": 7.108796097050482,
    "p5": 7.526486293734517,
    "p10": 7.692213409004525,
    "p25": 7.910593083556518,
    "p50": 8.171655715695259,
    "p75": 8.432464685864435,
    "p90": 8.677068430778824,
    "p95": 8.817454490897576,
    "p99": 9.222417833932584,
    "min": 6.485034310880828,
    "max": 9.884108375,
    "std": 0.41133052104737544
  },
  "output_token_throughput": {
    "unit": "tokens/sec",
    "avg": 2234.805709159516
  },
  "output_token_throughput_per_user": {
    "unit": "tokens/sec/user",
    "avg": 122.6546963407188,
    "p1": 108.43143541458446,
    "p5": 113.41141629114134,
    "p10": 115.24629834754042,
    "p25": 118.58929031274006,
    "p50": 122.37422085998764,
    "p75": 126.41277859895789,
    "p90": 130.00159359138334,
    "p95": 132.86412303417825,
    "p99": 140.6709963820018,
    "min": 101.1725045962985,
    "max": 154.20118877739216,
    "std": 6.283308855854937
  },
  "output_sequence_length": {
    "unit": "tokens",
    "avg": 156.34166666666667,
    "p1": 59.0,
    "p5": 85.95,
    "p10": 97.0,
    "p25": 136.0,
    "p50": 155.0,
    "p75": 179.0,
    "p90": 201.0,
    "p95": 229.0,
    "p99": 239.01999999999998,
    "min": 59.0,
    "max": 241.0,
    "std": 40.38879709220808
  },
  "input_sequence_length": {
    "unit": "tokens",
    "avg": 884.6,
    "p1": 435.0,
    "p5": 578.9,
    "p10": 640.4000000000001,
    "p25": 752.0,
    "p50": 893.0,
    "p75": 1021.0,
    "p90": 1110.0,
    "p95": 1169.0,
    "p99": 1278.0,
    "min": 361.0,
    "max": 1341.0,
    "std": 187.11348606304855
  },
  "output_token_count": {
    "unit": "tokens",
    "avg": 156.34166666666667,
    "p1": 59.0,
    "p5": 85.95,
    "p10": 97.0,
    "p25": 136.0,
    "p50": 155.0,
    "p75": 179.0,
    "p90": 201.0,
    "p95": 229.0,
    "p99": 239.01999999999998,
    "min": 59.0,
    "max": 241.0,
    "std": 40.38879709220808
  },
  "min_request_timestamp": {
    "unit": "ns",
    "avg": 1.7654213179177308e18
  },
  "max_response_timestamp": {
    "unit": "ns",
    "avg": 1.765421359892297e18
  },
  "inter_chunk_latency": {
    "unit": "ms",
    "avg": 8.180491390365555,
    "p1": 0.01978383,
    "p5": 3.9662371499999995,
    "p10": 5.9120875,
    "p25": 6.9793555,
    "p50": 7.701027,
    "p75": 8.45085525,
    "p90": 9.9637005,
    "p95": 14.106549449999987,
    "p99": 24.28850201,
    "min": 0.006561,
    "max": 152.905455,
    "std": 4.128910200149872
  },
  "total_output_tokens": {
    "unit": "tokens",
    "avg": 93805.0
  },
  "benchmark_duration": {
    "unit": "sec",
    "avg": 41.974566118000006
  },
  "total_isl": {
    "unit": "tokens",
    "avg": 530760.0
  },
  "total_osl": {
    "unit": "tokens",
    "avg": 93805.0
  },
  "telemetry_data": {
    "summary": {
      "endpoints_configured": [],
      "endpoints_successful": [],
      "start_time": "2025-12-11T10:48:37.913494",
      "end_time": "2025-12-11T10:49:19.895227"
    },
    "endpoints": {}
  },
  "input_config": {
    "endpoint": {
      "model_names": [
        "Qwen/Qwen3-0.6B"
      ],
      "custom_endpoint": "/v1/chat/completions",
      "type": "chat",
      "streaming": true,
      "url": "http://localhost:8000"
    },
    "input": {
      "extra": [
        [
          "ignore_eos",
          true
        ],
        [
          "min_tokens",
          160
        ]
      ],
      "prompt": {
        "input_tokens": {
          "mean": 900,
          "stddev": 200.0
        },
        "output_tokens": {
          "mean": 160,
          "stddev": 40.0
        }
      }
    },
    "loadgen": {
      "concurrency": 24,
      "request_rate_mode": "concurrency_burst",
      "request_count": 600,
      "warmup_request_count": 40
    },
    "cli_command": "aiperf profile --model \"Qwen/Qwen3-0.6B\" --url \"http://localhost:8000\" --endpoint-type \"chat\" --endpoint \"/v1/chat/completions\" --streaming --warmup-request-count 40 --extra-inputs \"ignore_eos:true\" --concurrency 24 --request-count 600 --synthetic-input-tokens-mean 900 --synthetic-input-tokens-stddev 200 --output-tokens-mean 160 --output-tokens-stddev 40 --extra-inputs \"min_tokens:160\""
  },
  "was_cancelled": false,
  "error_summary": [],
  "start_time": "2025-12-11T10:48:37.913494",
  "end_time": "2025-12-11T10:49:19.895227",
  "time_to_first_output_token": {
    "unit": "ms",
    "avg": 250.50320994666666,
    "p1": 222.23623372,
    "p5": 223.81432335,
    "p10": 225.02615319999998,
    "p25": 227.11935875,
    "p50": 229.61007949999998,
    "p75": 233.02328949999998,
    "p90": 242.81317909999999,
    "p95": 285.95079039999797,
    "p99": 754.9491355,
    "min": 221.297732,
    "max": 830.484346,
    "std": 91.18693271881612
  },
  "prefill_throughput": {
    "unit": "tokens/sec",
    "avg": 3709.67914184084,
    "p1": 1194.3058164836168,
    "p5": 1866.6391286092617,
    "p10": 2535.53382968444,
    "p25": 3215.778964936431,
    "p50": 3813.00039468417,
    "p75": 4327.291889099239,
    "p90": 4752.26673353625,
    "p95": 5044.052504202066,
    "p99": 5554.268035220226,
    "min": 672.4499703521445,
    "max": 5858.034786155083,
    "std": 920.8238571512032
  }
}