{
  "request_throughput": {
    "unit": "requests/sec",
    "avg": 4.953230117081664
  },
  "request_latency": {
    "unit": "ms",
    "avg": 4406.414481541667,
    "p1": 2842.97774502,
    "p5": 3107.3140055999997,
    "p10": 3420.8919234,
    "p25": 3848.018536,
    "p50": 4388.2482505,
    "p75": 4955.5293597499995,
    "p90": 5487.4885902,
    "p95": 5763.10275035,
    "p99": 6178.72055924,
    "min": 2709.2323229999997,
    "max": 6413.470692999999,
    "std": 771.8379346136369
  },
  "request_count": {
    "unit": "requests",
    "avg": 600.0
  },
  "time_to_first_token": {
    "unit": "ms",
    "avg": 258.38702385666664,
    "p1": 232.60398403999997,
    "p5": 233.61165839999998,
    "p10": 234.6427703,
    "p25": 236.69125,
    "p50": 239.0063405,
    "p75": 241.78447749999998,
    "p90": 260.01163740000004,
    "p95": 424.8896142499991,
    "p99": 573.96535678,
    "min": 231.661948,
    "max": 665.113784,
    "std": 71.38896427426222
  },
  "time_to_second_token": {
    "unit": "ms",
    "avg": 6.157280066666666,
    "p1": 0.01017538,
    "p5": 0.02318545,
    "p10": 1.1500196000000003,
    "p25": 5.517569,
    "p50": 6.3946855,
    "p75": 7.088353499999999,
    "p90": 8.1643221,
    "p95": 10.480374749999998,
    "p99": 16.793389149999992,
    "min": 0.009125,
    "max": 26.590911,
    "std": 3.080887939084969
  },
  "inter_token_latency": {
    "unit": "ms",
    "avg": 6.802855013905246,
    "p1": 6.3111353394750225,
    "p5": 6.469947230481877,
    "p10": 6.561269575125238,
    "p25": 6.698513435501918,
    "p50": 6.809554791858054,
    "p75": 6.9215550608905,
    "p90": 7.026081310842266,
    "p95": 7.090382932539747,
    "p99": 7.239901734670779,
    "min": 6.175985333802816,
    "max": 7.406182587649402,
    "std": 0.18668060155530863
  },
  "output_token_throughput": {
    "unit": "tokens/sec",
    "avg": 3022.989361989053
  },
  "output_token_throughput_per_user": {
    "unit": "tokens/sec/user",
    "avg": 147.10884251118136,
    "p1": 138.12343621451183,
    "p5": 141.03610806539814,
    "p10": 142.3268470379314,
    "p25": 144.47620387584755,
    "p50": 146.85247915363794,
    "p75": 149.28685578410236,
    "p90": 152.40953650698182,
    "p95": 154.56077956415584,
    "p99": 158.45009657497204,
    "min": 135.02232603171387,
    "max": 161.91748295235303,
    "std": 4.075600986198096
  },
  "output_sequence_length": {
    "unit": "tokens",
    "avg": 610.3066666666666,
    "p1": 383.0,
    "p5": 428.1,
    "p10": 468.0,
    "p25": 529.75,
    "p50": 606.0,
    "p75": 687.0,
    "p90": 763.0,
    "p95": 799.0,
    "p99": 837.01,
    "min": 382.0,
    "max": 855.0,
    "std": 109.70590665755219
  },
  "input_sequence_length": {
    "unit": "tokens",
    "avg": 179.97166666666666,
    "p1": 56.900000000000006,
    "p5": 87.0,
    "p10": 116.0,
    "p25": 152.0,
    "p50": 178.0,
    "p75": 217.0,
    "p90": 248.0,
    "p95": 265.04999999999995,
    "p99": 331.0,
    "min": 47.0,
    "max": 355.0,
    "std": 54.049152295747334
  },
  "output_token_count": {
    "unit": "tokens",
    "avg": 610.3066666666666,
    "p1": 383.0,
    "p5": 428.1,
    "p10": 468.0,
    "p25": 529.75,
    "p50": 606.0,
    "p75": 687.0,
    "p90": 763.0,
    "p95": 799.0,
    "p99": 837.01,
    "min": 382.0,
    "max": 855.0,
    "std": 109.70590665755219
  },
  "min_request_timestamp": {
    "unit": "ns",
    "avg": 1.7654222108222344e18
  },
  "max_response_timestamp": {
    "unit": "ns",
    "avg": 1.7654223319553103e18
  },
  "inter_chunk_latency": {
    "unit": "ms",
    "avg": 6.805362864454191,
    "p1": 0.011990259999999999,
    "p5": 0.0543593,
    "p10": 1.419628,
    "p25": 5.766375249999999,
    "p50": 6.584402,
    "p75": 7.27666975,
    "p90": 8.972196499999999,
    "p95": 12.248962249999996,
    "p99": 23.550267749999993,
    "min": 0.005736,
    "max": 265.621382,
    "std": 6.8395278694345505
  },
  "total_output_tokens": {
    "unit": "tokens",
    "avg": 366184.0
  },
  "benchmark_duration": {
    "unit": "sec",
    "avg": 121.13307595600001
  },
  "total_isl": {
    "unit": "tokens",
    "avg": 107983.0
  },
  "total_osl": {
    "unit": "tokens",
    "avg": 366184.0
  },
  "telemetry_data": {
    "summary": {
      "endpoints_configured": [],
      "endpoints_successful": [],
      "start_time": "2025-12-11T11:03:30.818943",
      "end_time": "2025-12-11T11:05:31.965161"
    },
    "endpoints": {}
  },
  "input_config": {
    "endpoint": {
      "model_names": [
        "Qwen/Qwen3-0.6B"
      ],
      "custom_endpoint": "/v1/chat/completions",
      "type": "chat",
      "streaming": true,
      "url": "http://localhost:8000"
    },
    "input": {
      "extra": [
        [
          "ignore_eos",
          true
        ],
        [
          "min_tokens",
          500
        ]
      ],
      "prompt": {
        "input_tokens": {
          "mean": 180,
          "stddev": 50.0
        },
        "output_tokens": {
          "mean": 600,
          "stddev": 120.0
        }
      }
    },
    "loadgen": {
      "concurrency": 24,
      "request_rate_mode": "concurrency_burst",
      "request_count": 600,
      "warmup_request_count": 40
    },
    "cli_command": "aiperf profile --model \"Qwen/Qwen3-0.6B\" --url \"http://localhost:8000\" --endpoint-type \"chat\" --endpoint \"/v1/chat/completions\" --streaming --warmup-request-count 40 --extra-inputs \"ignore_eos:true\" --concurrency 24 --request-count 600 --synthetic-input-tokens-mean 180 --synthetic-input-tokens-stddev 50 --output-tokens-mean 600 --output-tokens-stddev 120 --extra-inputs \"min_tokens:500\""
  },
  "was_cancelled": false,
  "error_summary": [],
  "start_time": "2025-12-11T11:03:30.818943",
  "end_time": "2025-12-11T11:05:31.965161",
  "time_to_first_output_token": {
    "unit": "ms",
    "avg": 258.38702385666664,
    "p1": 232.60398403999997,
    "p5": 233.61165839999998,
    "p10": 234.6427703,
    "p25": 236.69125,
    "p50": 239.0063405,
    "p75": 241.78447749999998,
    "p90": 260.01163740000004,
    "p95": 424.8896142499991,
    "p99": 573.96535678,
    "min": 231.661948,
    "max": 665.113784,
    "std": 71.38896427426222
  },
  "prefill_throughput": {
    "unit": "tokens/sec",
    "avg": 722.0238589132787,
    "p1": 199.32113561278874,
    "p5": 276.02775421780666,
    "p10": 391.0796762758924,
    "p25": 555.1544441651324,
    "p50": 726.830174571629,
    "p75": 874.3169422472913,
    "p90": 1016.7602259785206,
    "p95": 1112.675814147141,
    "p99": 1386.822350714257,
    "min": 152.53539708372236,
    "max": 1507.888787790491,
    "std": 239.535915181575
  }
}