{
  "request_throughput": {
    "unit": "requests/sec",
    "avg": 24.94704830842645
  },
  "request_latency": {
    "unit": "ms",
    "avg": 3418.536077978333,
    "p1": 1527.02675661,
    "p5": 1846.1218002,
    "p10": 2111.7766914,
    "p25": 2534.42970175,
    "p50": 3140.9651744999996,
    "p75": 4122.4635822499995,
    "p90": 5462.025338700001,
    "p95": 5836.6607914,
    "p99": 6279.253114239999,
    "min": 1474.3551929999999,
    "max": 6724.833799,
    "std": 1215.2110729377716
  },
  "request_count": {
    "unit": "requests",
    "avg": 1200.0
  },
  "time_to_first_token": {
    "unit": "ms",
    "avg": 934.8429856525,
    "p1": 230.30494137999997,
    "p5": 233.58799805,
    "p10": 235.89574559999997,
    "p25": 241.87788774999999,
    "p50": 259.8987735,
    "p75": 643.3271669999999,
    "p90": 3820.2851049000055,
    "p95": 4552.919195949999,
    "p99": 4724.38104647,
    "min": 214.455134,
    "max": 4785.897343,
    "std": 1351.4299405561503
  },
  "time_to_second_token": {
    "unit": "ms",
    "avg": 16.510868926666664,
    "p1": 0.010318879999999999,
    "p5": 0.01901465,
    "p10": 0.3308964000000001,
    "p25": 11.2545595,
    "p50": 15.697457,
    "p75": 18.18489375,
    "p90": 24.58430050000002,
    "p95": 33.81499665,
    "p99": 86.02493995999998,
    "min": 0.008006,
    "max": 276.54513499999996,
    "std": 17.87777742669984
  },
  "inter_token_latency": {
    "unit": "ms",
    "avg": 16.001224780681774,
    "p1": 6.338426385378023,
    "p5": 8.607692087344027,
    "p10": 11.378323374403893,
    "p25": 15.770733429890967,
    "p50": 16.25765888308424,
    "p75": 17.088203701612905,
    "p90": 18.148118042055085,
    "p95": 21.431266073790646,
    "p99": 24.86528430356085,
    "min": 2.3378863295454546,
    "max": 27.115829443037974,
    "std": 3.3017182394028333
  },
  "output_token_throughput": {
    "unit": "tokens/sec",
    "avg": 3899.078126158588
  },
  "output_token_throughput_per_user": {
    "unit": "tokens/sec/user",
    "avg": 66.79316461885546,
    "p1": 40.216712963779685,
    "p5": 46.66081212768275,
    "p10": 55.10213494679136,
    "p25": 58.51990365245828,
    "p50": 61.509471169804286,
    "p75": 63.40859194011267,
    "p90": 87.88698264343132,
    "p95": 116.17516358276792,
    "p99": 157.7689494972871,
    "min": 36.87882762726077,
    "max": 427.7367925729844,
    "std": 24.4934471162392
  },
  "output_sequence_length": {
    "unit": "tokens",
    "avg": 156.29416666666665,
    "p1": 80.99,
    "p5": 92.9,
    "p10": 107.9,
    "p25": 129.75,
    "p50": 154.5,
    "p75": 184.0,
    "p90": 199.40000000000055,
    "p95": 237.0999999999999,
    "p99": 265.01,
    "min": 80.0,
    "max": 266.0,
    "std": 40.25975201909332
  },
  "input_sequence_length": {
    "unit": "tokens",
    "avg": 889.63,
    "p1": 498.08000000000004,
    "p5": 560.1,
    "p10": 626.6,
    "p25": 734.75,
    "p50": 889.0,
    "p75": 1026.5,
    "p90": 1142.500000000002,
    "p95": 1189.6499999999994,
    "p99": 1293.3799999999997,
    "min": 407.0,
    "max": 1331.0,
    "std": 194.94710333831586
  },
  "output_token_count": {
    "unit": "tokens",
    "avg": 156.29416666666665,
    "p1": 80.99,
    "p5": 92.9,
    "p10": 107.9,
    "p25": 129.75,
    "p50": 154.5,
    "p75": 184.0,
    "p90": 199.40000000000055,
    "p95": 237.0999999999999,
    "p99": 265.01,
    "min": 80.0,
    "max": 266.0,
    "std": 40.25975201909332
  },
  "min_request_timestamp": {
    "unit": "ns",
    "avg": 1.764649231741774e18
  },
  "max_response_timestamp": {
    "unit": "ns",
    "avg": 1.7646492798436572e18
  },
  "inter_chunk_latency": {
    "unit": "ms",
    "avg": 15.987725087388691,
    "p1": 0.009576999999999999,
    "p5": 0.01778085,
    "p10": 0.2207965,
    "p25": 11.48973225,
    "p50": 15.6630495,
    "p75": 18.130122,
    "p90": 24.071672600000003,
    "p95": 32.128574649999955,
    "p99": 53.62459013999996,
    "min": 0.005717,
    "max": 276.557947,
    "std": 16.767925293561802
  },
  "total_output_tokens": {
    "unit": "tokens",
    "avg": 187553.0
  },
  "benchmark_duration": {
    "unit": "sec",
    "avg": 48.101883043
  },
  "total_isl": {
    "unit": "tokens",
    "avg": 1067556.0
  },
  "total_osl": {
    "unit": "tokens",
    "avg": 187553.0
  },
  "telemetry_data": {
    "summary": {
      "endpoints_configured": [],
      "endpoints_successful": [],
      "start_time": "2025-12-02T12:20:31.737316",
      "end_time": "2025-12-02T12:21:19.845939"
    },
    "endpoints": {}
  },
  "input_config": {
    "endpoint": {
      "model_names": [
        "Qwen/Qwen3-0.6B"
      ],
      "custom_endpoint": "/v1/chat/completions",
      "type": "chat",
      "streaming": true,
      "url": "http://localhost:8000"
    },
    "input": {
      "extra": [
        [
          "ignore_eos",
          true
        ],
        [
          "min_tokens",
          160
        ]
      ],
      "prompt": {
        "input_tokens": {
          "mean": 900,
          "stddev": 200.0
        },
        "output_tokens": {
          "mean": 160,
          "stddev": 40.0
        }
      }
    },
    "loadgen": {
      "concurrency": 96,
      "request_rate_mode": "concurrency_burst",
      "request_count": 1200,
      "warmup_request_count": 200
    },
    "cli_command": "aiperf profile --model \"Qwen/Qwen3-0.6B\" --url \"http://localhost:8000\" --endpoint-type \"chat\" --endpoint \"/v1/chat/completions\" --streaming --warmup-request-count 200 --extra-inputs \"ignore_eos:true\" --concurrency 96 --request-count 1200 --synthetic-input-tokens-mean 900 --synthetic-input-tokens-stddev 200 --output-tokens-mean 160 --output-tokens-stddev 40 --extra-inputs \"min_tokens:160\""
  },
  "was_cancelled": false,
  "error_summary": [],
  "start_time": "2025-12-02T12:20:31.737316",
  "end_time": "2025-12-02T12:21:19.845939",
  "time_to_first_output_token": {
    "unit": "ms",
    "avg": 934.8429856525,
    "p1": 230.30494137999997,
    "p5": 233.58799805,
    "p10": 235.89574559999997,
    "p25": 241.87788774999999,
    "p50": 259.8987735,
    "p75": 643.3271669999999,
    "p90": 3820.2851049000055,
    "p95": 4552.919195949999,
    "p99": 4724.38104647,
    "min": 214.455134,
    "max": 4785.897343,
    "std": 1351.4299405561503
  },
  "prefill_throughput": {
    "unit": "tokens/sec",
    "avg": 2542.3366419900913,
    "p1": 136.7675362765464,
    "p5": 193.55227955149599,
    "p10": 246.7261505097178,
    "p25": 1208.0217773077177,
    "p50": 2785.8159098371752,
    "p75": 3790.5926442259165,
    "p90": 4386.40124106443,
    "p95": 4729.3208071703375,
    "p99": 5208.396498130818,
    "min": 86.5495279511021,
    "max": 5712.313718381045,
    "std": 1501.0767275601509
  }
}