{
  "request_throughput": {
    "unit": "requests/sec",
    "avg": 3.462538718804645
  },
  "request_latency": {
    "unit": "ms",
    "avg": 6243.075798581666,
    "p1": 3216.60957923,
    "p5": 3690.77433955,
    "p10": 4418.5334261,
    "p25": 5291.3528705,
    "p50": 6261.816358499999,
    "p75": 7203.998721749999,
    "p90": 8037.855619999999,
    "p95": 8561.457519699998,
    "p99": 9602.138638719998,
    "min": 2754.2232129999998,
    "max": 10236.137354,
    "std": 1415.3222920708245
  },
  "request_count": {
    "unit": "requests",
    "avg": 600.0
  },
  "time_to_first_token": {
    "unit": "ms",
    "avg": 285.542353775,
    "p1": 240.23162256999998,
    "p5": 242.2678754,
    "p10": 244.0361045,
    "p25": 247.09165675,
    "p50": 250.40000799999999,
    "p75": 256.2385875,
    "p90": 322.3414974000001,
    "p95": 427.3437456499996,
    "p99": 996.06269094,
    "min": 237.499031,
    "max": 1203.0092869999999,
    "std": 126.95949263991027
  },
  "time_to_second_token": {
    "unit": "ms",
    "avg": 37.99759200833333,
    "p1": 27.56160516,
    "p5": 32.62209065,
    "p10": 34.0847677,
    "p25": 35.6252345,
    "p50": 36.56229,
    "p75": 37.768953249999996,
    "p90": 39.7440455,
    "p95": 47.79043274999995,
    "p99": 79.90448831,
    "min": 0.018997,
    "max": 93.15158799999999,
    "std": 8.40816768798274
  },
  "inter_token_latency": {
    "unit": "ms",
    "avg": 36.58027545945429,
    "p1": 32.938006907050074,
    "p5": 35.829439870587834,
    "p10": 36.04885901287338,
    "p25": 36.3244321898921,
    "p50": 36.549538966117744,
    "p75": 36.68675427978707,
    "p90": 36.84776510273013,
    "p95": 38.62811506974107,
    "p99": 39.555837851927436,
    "min": 31.77198014379085,
    "max": 39.83209954716981,
    "std": 0.9054394100100641
  },
  "output_token_throughput": {
    "unit": "tokens/sec",
    "avg": 567.4639288291639
  },
  "output_token_throughput_per_user": {
    "unit": "tokens/sec/user",
    "avg": 27.354054930208125,
    "p1": 25.280718456160688,
    "p5": 25.88788065907272,
    "p10": 27.13868798402421,
    "p25": 27.257794255030056,
    "p50": 27.360126236654104,
    "p75": 27.529680163045843,
    "p90": 27.74012906609476,
    "p95": 27.910009314759357,
    "p99": 30.36006892857609,
    "min": 25.105380117254022,
    "max": 31.474273730321098,
    "std": 0.6859918812318632
  },
  "output_sequence_length": {
    "unit": "tokens",
    "avg": 163.88666666666666,
    "p1": 83.0,
    "p5": 95.0,
    "p10": 115.0,
    "p25": 138.75,
    "p50": 165.0,
    "p75": 191.0,
    "p90": 213.0,
    "p95": 227.0,
    "p99": 241.16999999999985,
    "min": 70.0,
    "max": 258.0,
    "std": 38.20419465044236
  },
  "input_sequence_length": {
    "unit": "tokens",
    "avg": 914.7633333333333,
    "p1": 367.0,
    "p5": 605.0,
    "p10": 656.0,
    "p25": 785.75,
    "p50": 931.0,
    "p75": 1055.5,
    "p90": 1154.9,
    "p95": 1243.0,
    "p99": 1345.049999999999,
    "min": 367.0,
    "max": 1449.0,
    "std": 204.3021960778254
  },
  "output_token_count": {
    "unit": "tokens",
    "avg": 163.88666666666666,
    "p1": 83.0,
    "p5": 95.0,
    "p10": 115.0,
    "p25": 138.75,
    "p50": 165.0,
    "p75": 191.0,
    "p90": 213.0,
    "p95": 227.0,
    "p99": 241.16999999999985,
    "min": 70.0,
    "max": 258.0,
    "std": 38.20419465044236
  },
  "min_request_timestamp": {
    "unit": "ns",
    "avg": 1.764294221948941e18
  },
  "max_response_timestamp": {
    "unit": "ns",
    "avg": 1.764294395232202e18
  },
  "inter_chunk_latency": {
    "unit": "ms",
    "avg": 36.571347406758676,
    "p1": 25.7137076,
    "p5": 32.34192,
    "p10": 34.274996,
    "p25": 35.498277,
    "p50": 36.414439,
    "p75": 37.343435,
    "p90": 38.701758999999996,
    "p95": 40.335063999999996,
    "p99": 56.46938400000002,
    "min": 0.007639999999999999,
    "max": 93.583293,
    "std": 4.493450566716029
  },
  "total_output_tokens": {
    "unit": "tokens",
    "avg": 98332.0
  },
  "benchmark_duration": {
    "unit": "sec",
    "avg": 173.28326084600002
  },
  "total_isl": {
    "unit": "tokens",
    "avg": 548858.0
  },
  "total_osl": {
    "unit": "tokens",
    "avg": 98332.0
  },
  "telemetry_data": {
    "summary": {
      "endpoints_configured": [],
      "endpoints_successful": [],
      "start_time": "2025-11-28T09:43:41.946542",
      "end_time": "2025-11-28T09:46:35.234047"
    },
    "endpoints": {}
  },
  "input_config": {
    "endpoint": {
      "model_names": [
        "Qwen/Qwen3-0.6B"
      ],
      "custom_endpoint": "/v1/chat/completions",
      "type": "chat",
      "streaming": true,
      "url": "http://localhost:8000"
    },
    "input": {
      "extra": [
        [
          "ignore_eos",
          true
        ],
        [
          "min_tokens",
          160
        ]
      ],
      "prompt": {
        "input_tokens": {
          "mean": 900,
          "stddev": 200.0
        },
        "output_tokens": {
          "mean": 160,
          "stddev": 40.0
        }
      }
    },
    "loadgen": {
      "concurrency": 24,
      "request_rate_mode": "concurrency_burst",
      "request_count": 600,
      "warmup_request_count": 40
    },
    "cli_command": "aiperf profile --model \"Qwen/Qwen3-0.6B\" --url \"http://localhost:8000\" --endpoint-type \"chat\" --endpoint \"/v1/chat/completions\" --streaming --warmup-request-count 40 --extra-inputs \"ignore_eos:true\" --concurrency 24 --request-count 600 --synthetic-input-tokens-mean 900 --synthetic-input-tokens-stddev 200 --output-tokens-mean 160 --output-tokens-stddev 40 --extra-inputs \"min_tokens:160\""
  },
  "was_cancelled": false,
  "error_summary": [],
  "start_time": "2025-11-28T09:43:41.946542",
  "end_time": "2025-11-28T09:46:35.234047",
  "time_to_first_output_token": {
    "unit": "ms",
    "avg": 285.542353775,
    "p1": 240.23162256999998,
    "p5": 242.2678754,
    "p10": 244.0361045,
    "p25": 247.09165675,
    "p50": 250.40000799999999,
    "p75": 256.2385875,
    "p90": 322.3414974000001,
    "p95": 427.3437456499996,
    "p99": 996.06269094,
    "min": 237.499031,
    "max": 1203.0092869999999,
    "std": 126.95949263991027
  },
  "prefill_throughput": {
    "unit": "tokens/sec",
    "avg": 3444.0800713919925,
    "p1": 947.7203468835403,
    "p5": 1533.0999556586878,
    "p10": 2132.964019109481,
    "p25": 2800.375122012507,
    "p50": 3585.2545296941016,
    "p75": 4073.725588404622,
    "p90": 4551.918724792115,
    "p95": 4858.169139756336,
    "p99": 5405.07877237564,
    "min": 368.41936174891237,
    "max": 5953.432693207841,
    "std": 967.8982690728702
  }
}