{
  "request_throughput": {
    "unit": "requests/sec",
    "avg": 4.324685622930129
  },
  "request_latency": {
    "unit": "ms",
    "avg": 5097.5749992149995,
    "p1": 3240.45192139,
    "p5": 3587.84706215,
    "p10": 3878.9122874,
    "p25": 4367.15925625,
    "p50": 5125.545907,
    "p75": 5685.11334275,
    "p90": 6473.639259199999,
    "p95": 6792.31858295,
    "p99": 7233.66004305,
    "min": 2704.278964,
    "max": 7429.397395,
    "std": 954.2175348734231
  },
  "request_count": {
    "unit": "requests",
    "avg": 600.0
  },
  "time_to_first_token": {
    "unit": "ms",
    "avg": 284.8996609633333,
    "p1": 240.3385343,
    "p5": 241.56116824999998,
    "p10": 242.6201908,
    "p25": 244.73360175,
    "p50": 248.642203,
    "p75": 277.79388875,
    "p90": 311.73785889999994,
    "p95": 353.46302499999956,
    "p99": 1057.7398518099997,
    "min": 238.987205,
    "max": 1290.465984,
    "std": 127.14923846689277
  },
  "time_to_second_token": {
    "unit": "ms",
    "avg": 14.81324755,
    "p1": 0.01876477,
    "p5": 9.10771015,
    "p10": 11.8218693,
    "p25": 14.116470999999999,
    "p50": 15.092865999999999,
    "p75": 15.97235225,
    "p90": 17.050803,
    "p95": 18.6629634,
    "p99": 22.797764409999996,
    "min": 0.011793999999999999,
    "max": 89.39889,
    "std": 4.640829320423894
  },
  "inter_token_latency": {
    "unit": "ms",
    "avg": 7.946054521823176,
    "p1": 7.243258126384315,
    "p5": 7.57516836575089,
    "p10": 7.717761971155279,
    "p25": 7.818670941632686,
    "p50": 7.944323842025738,
    "p75": 8.090682025227546,
    "p90": 8.21577874152861,
    "p95": 8.27192868213277,
    "p99": 8.381019144020526,
    "min": 6.625228832797427,
    "max": 8.584560758483033,
    "std": 0.22580281911669542
  },
  "output_token_throughput": {
    "unit": "tokens/sec",
    "avg": 2621.242410723552
  },
  "output_token_throughput_per_user": {
    "unit": "tokens/sec/user",
    "avg": 125.95354330255523,
    "p1": 119.3172315702483,
    "p5": 120.8907908218028,
    "p10": 121.71700723710163,
    "p25": 123.59897437704052,
    "p50": 125.87603754342415,
    "p75": 127.89897516502435,
    "p90": 129.5712416204463,
    "p95": 132.01028885455284,
    "p99": 138.0595258029299,
    "min": 116.48819644171387,
    "max": 150.93818270089267,
    "std": 3.6995506538385468
  },
  "output_sequence_length": {
    "unit": "tokens",
    "avg": 606.1116666666667,
    "p1": 386.25,
    "p5": 423.0,
    "p10": 463.30000000000007,
    "p25": 526.25,
    "p50": 610.0,
    "p75": 682.0,
    "p90": 761.1000000000003,
    "p95": 814.0,
    "p99": 880.0,
    "min": 312.0,
    "max": 880.0,
    "std": 115.8369653027718
  },
  "input_sequence_length": {
    "unit": "tokens",
    "avg": 170.96166666666667,
    "p1": 82.77000000000001,
    "p5": 91.0,
    "p10": 110.0,
    "p25": 133.0,
    "p50": 169.5,
    "p75": 205.0,
    "p90": 241.0,
    "p95": 255.0,
    "p99": 272.4199999999996,
    "min": 60.0,
    "max": 314.0,
    "std": 50.63055925580474
  },
  "output_token_count": {
    "unit": "tokens",
    "avg": 606.1116666666667,
    "p1": 386.25,
    "p5": 423.0,
    "p10": 463.30000000000007,
    "p25": 526.25,
    "p50": 610.0,
    "p75": 682.0,
    "p90": 761.1000000000003,
    "p95": 814.0,
    "p99": 880.0,
    "min": 312.0,
    "max": 880.0,
    "std": 115.8369653027718
  },
  "min_request_timestamp": {
    "unit": "ns",
    "avg": 1.7645736164325921e18
  },
  "max_response_timestamp": {
    "unit": "ns",
    "avg": 1.7645737551710006e18
  },
  "inter_chunk_latency": {
    "unit": "ms",
    "avg": 7.9496450057428065,
    "p1": 0.019972359999999998,
    "p5": 2.3919004,
    "p10": 5.768086599999999,
    "p25": 7.227875,
    "p50": 7.919296999999999,
    "p75": 8.57948,
    "p90": 9.611462200000002,
    "p95": 11.609112200000009,
    "p99": 19.319377440000018,
    "min": 0.006311,
    "max": 244.717254,
    "std": 3.8533136344172507
  },
  "total_output_tokens": {
    "unit": "tokens",
    "avg": 363667.0
  },
  "benchmark_duration": {
    "unit": "sec",
    "avg": 138.738408364
  },
  "total_isl": {
    "unit": "tokens",
    "avg": 102577.0
  },
  "total_osl": {
    "unit": "tokens",
    "avg": 363667.0
  },
  "telemetry_data": {
    "summary": {
      "endpoints_configured": [],
      "endpoints_successful": [],
      "start_time": "2025-12-01T15:20:16.429843",
      "end_time": "2025-12-01T15:22:38.112890"
    },
    "endpoints": {}
  },
  "input_config": {
    "endpoint": {
      "model_names": [
        "Qwen/Qwen3-0.6B"
      ],
      "custom_endpoint": "/v1/chat/completions",
      "type": "chat",
      "streaming": true,
      "url": "http://localhost:8000"
    },
    "input": {
      "extra": [
        [
          "ignore_eos",
          true
        ],
        [
          "min_tokens",
          500
        ]
      ],
      "prompt": {
        "input_tokens": {
          "mean": 180,
          "stddev": 50.0
        },
        "output_tokens": {
          "mean": 600,
          "stddev": 120.0
        }
      }
    },
    "loadgen": {
      "concurrency": 24,
      "request_rate_mode": "concurrency_burst",
      "request_count": 600,
      "warmup_request_count": 40
    },
    "cli_command": "aiperf profile --model \"Qwen/Qwen3-0.6B\" --url \"http://localhost:8000\" --endpoint-type \"chat\" --endpoint \"/v1/chat/completions\" --streaming --warmup-request-count 40 --extra-inputs \"ignore_eos:true\" --concurrency 24 --request-count 600 --synthetic-input-tokens-mean 180 --synthetic-input-tokens-stddev 50 --output-tokens-mean 600 --output-tokens-stddev 120 --extra-inputs \"min_tokens:500\""
  },
  "was_cancelled": false,
  "error_summary": [],
  "start_time": "2025-12-01T15:20:16.429843",
  "end_time": "2025-12-01T15:22:38.112890",
  "time_to_first_output_token": {
    "unit": "ms",
    "avg": 284.8996609633333,
    "p1": 240.3385343,
    "p5": 241.56116824999998,
    "p10": 242.6201908,
    "p25": 244.73360175,
    "p50": 248.642203,
    "p75": 277.79388875,
    "p90": 311.73785889999994,
    "p95": 353.46302499999956,
    "p99": 1057.7398518099997,
    "min": 238.987205,
    "max": 1290.465984,
    "std": 127.14923846689277
  },
  "prefill_throughput": {
    "unit": "tokens/sec",
    "avg": 639.9210695458567,
    "p1": 153.07853401141017,
    "p5": 310.2151278195058,
    "p10": 372.90777270200476,
    "p25": 499.8054522931587,
    "p50": 624.6844313652673,
    "p75": 791.8260695837043,
    "p90": 924.2142337279083,
    "p95": 984.1079331379592,
    "p99": 1101.5126997891693,
    "min": 70.5171628917574,
    "max": 1293.2271310501967,
    "std": 212.3644815882393
  }
}