{
  "request_throughput": {
    "unit": "requests/sec",
    "avg": 7.013663193323795
  },
  "request_latency": {
    "unit": "ms",
    "avg": 6112.756853201667,
    "p1": 2647.9972633499997,
    "p5": 3393.4344035999998,
    "p10": 4052.3901061,
    "p25": 5128.5956074999995,
    "p50": 6037.309192,
    "p75": 7171.548293,
    "p90": 8134.5607377999995,
    "p95": 8682.383511349994,
    "p99": 10133.21609998,
    "min": 2099.259346,
    "max": 11138.940832,
    "std": 1587.7583963892973
  },
  "request_count": {
    "unit": "requests",
    "avg": 600.0
  },
  "time_to_first_token": {
    "unit": "ms",
    "avg": 385.14437458,
    "p1": 225.09068255,
    "p5": 229.09334834999999,
    "p10": 230.71958769999998,
    "p25": 235.62951475,
    "p50": 252.4716795,
    "p75": 295.85909399999997,
    "p90": 469.5978950000002,
    "p95": 1284.9556586499978,
    "p99": 2745.1543217399994,
    "min": 222.00010799999998,
    "max": 3149.566315,
    "std": 448.7840074717937
  },
  "time_to_second_token": {
    "unit": "ms",
    "avg": 18.83594926333333,
    "p1": 0.52502996,
    "p5": 10.80145115,
    "p10": 12.6696995,
    "p25": 15.59308175,
    "p50": 17.090033,
    "p75": 18.794814,
    "p90": 30.427041799999998,
    "p95": 32.030286649999994,
    "p99": 40.82896497999999,
    "min": 0.015943,
    "max": 84.423844,
    "std": 8.16243256692169
  },
  "inter_token_latency": {
    "unit": "ms",
    "avg": 9.822435480461841,
    "p1": 7.448391657175673,
    "p5": 8.268765668525441,
    "p10": 8.507535725345623,
    "p25": 8.741679276240486,
    "p50": 9.244924030232314,
    "p75": 10.706252483491722,
    "p90": 12.254258240993833,
    "p95": 12.937875998805165,
    "p99": 14.19823522323465,
    "min": 6.787501229268293,
    "max": 14.758965278388278,
    "std": 1.5189886578872507
  },
  "output_token_throughput": {
    "unit": "tokens/sec",
    "avg": 4091.3502871935025
  },
  "output_token_throughput_per_user": {
    "unit": "tokens/sec/user",
    "avg": 103.98989420578427,
    "p1": 70.43130221910178,
    "p5": 77.29244318169937,
    "p10": 81.60438448492914,
    "p25": 93.40337986802962,
    "p50": 108.16746607725531,
    "p75": 114.3944966139998,
    "p90": 117.54285057034213,
    "p95": 120.93703626058738,
    "p99": 134.25720031062957,
    "min": 67.75542737161332,
    "max": 147.32962340955658,
    "std": 14.300451983307978
  },
  "output_sequence_length": {
    "unit": "tokens",
    "avg": 583.34,
    "p1": 272.0,
    "p5": 347.0,
    "p10": 395.0,
    "p25": 521.5,
    "p50": 600.0,
    "p75": 657.5,
    "p90": 758.0,
    "p95": 792.0999999999999,
    "p99": 823.0,
    "min": 220.0,
    "max": 828.0,
    "std": 127.8518455087763
  },
  "input_sequence_length": {
    "unit": "tokens",
    "avg": 188.595,
    "p1": 82.96000000000001,
    "p5": 95.0,
    "p10": 117.0,
    "p25": 153.0,
    "p50": 189.0,
    "p75": 220.0,
    "p90": 255.0,
    "p95": 272.0,
    "p99": 329.0899999999999,
    "min": 79.0,
    "max": 338.0,
    "std": 51.78488494081389
  },
  "output_token_count": {
    "unit": "tokens",
    "avg": 583.34,
    "p1": 272.0,
    "p5": 347.0,
    "p10": 395.0,
    "p25": 521.5,
    "p50": 600.0,
    "p75": 657.5,
    "p90": 758.0,
    "p95": 792.0999999999999,
    "p99": 823.0,
    "min": 220.0,
    "max": 828.0,
    "std": 127.8518455087763
  },
  "min_request_timestamp": {
    "unit": "ns",
    "avg": 1.7646443105736786e18
  },
  "max_response_timestamp": {
    "unit": "ns",
    "avg": 1.7646443961209859e18
  },
  "inter_chunk_latency": {
    "unit": "ms",
    "avg": 9.832360999705307,
    "p1": 0.013741299999999998,
    "p5": 1.16101875,
    "p10": 5.402921,
    "p25": 7.8460452499999995,
    "p50": 8.967095,
    "p75": 10.8683125,
    "p90": 15.463702,
    "p95": 16.7886845,
    "p99": 24.135846499999943,
    "min": 0.005706,
    "max": 248.25160699999998,
    "std": 6.861143258528508
  },
  "total_output_tokens": {
    "unit": "tokens",
    "avg": 350004.0
  },
  "benchmark_duration": {
    "unit": "sec",
    "avg": 85.54730722900001
  },
  "total_isl": {
    "unit": "tokens",
    "avg": 113157.0
  },
  "total_osl": {
    "unit": "tokens",
    "avg": 350004.0
  },
  "telemetry_data": {
    "summary": {
      "endpoints_configured": [],
      "endpoints_successful": [],
      "start_time": "2025-12-02T10:58:30.568364",
      "end_time": "2025-12-02T10:59:56.127222"
    },
    "endpoints": {}
  },
  "input_config": {
    "endpoint": {
      "model_names": [
        "Qwen/Qwen3-0.6B"
      ],
      "custom_endpoint": "/v1/chat/completions",
      "type": "chat",
      "streaming": true,
      "url": "http://localhost:8000"
    },
    "input": {
      "extra": [
        [
          "ignore_eos",
          true
        ],
        [
          "min_tokens",
          500
        ]
      ],
      "prompt": {
        "input_tokens": {
          "mean": 180,
          "stddev": 50.0
        },
        "output_tokens": {
          "mean": 600,
          "stddev": 120.0
        }
      }
    },
    "loadgen": {
      "concurrency": 48,
      "request_rate_mode": "concurrency_burst",
      "request_count": 600,
      "warmup_request_count": 40
    },
    "cli_command": "aiperf profile --model \"Qwen/Qwen3-0.6B\" --url \"http://localhost:8000\" --endpoint-type \"chat\" --endpoint \"/v1/chat/completions\" --streaming --warmup-request-count 40 --extra-inputs \"ignore_eos:true\" --concurrency 48 --request-count 600 --synthetic-input-tokens-mean 180 --synthetic-input-tokens-stddev 50 --output-tokens-mean 600 --output-tokens-stddev 120 --extra-inputs \"min_tokens:500\""
  },
  "was_cancelled": false,
  "error_summary": [],
  "start_time": "2025-12-02T10:58:30.568364",
  "end_time": "2025-12-02T10:59:56.127222",
  "time_to_first_output_token": {
    "unit": "ms",
    "avg": 385.14437458,
    "p1": 225.09068255,
    "p5": 229.09334834999999,
    "p10": 230.71958769999998,
    "p25": 235.62951475,
    "p50": 252.4716795,
    "p75": 295.85909399999997,
    "p90": 469.5978950000002,
    "p95": 1284.9556586499978,
    "p99": 2745.1543217399994,
    "min": 222.00010799999998,
    "max": 3149.566315,
    "std": 448.7840074717937
  },
  "prefill_throughput": {
    "unit": "tokens/sec",
    "avg": 669.3432630561084,
    "p1": 73.85361343081216,
    "p5": 133.23512720474844,
    "p10": 322.07147082895995,
    "p25": 521.5402654470531,
    "p50": 689.6468228253732,
    "p75": 833.8196829364284,
    "p90": 976.5507874897844,
    "p95": 1082.1509791235865,
    "p99": 1306.3723769648059,
    "min": 49.8713608252238,
    "max": 1444.613634021977,
    "std": 262.6983883240576
  }
}