{
  "request_throughput": {
    "unit": "requests/sec",
    "avg": 12.16799577620851
  },
  "request_latency": {
    "unit": "ms",
    "avg": 14300.574334372499,
    "p1": 5420.4609615100035,
    "p5": 8878.4899896,
    "p10": 10101.3572388,
    "p25": 12314.069836249999,
    "p50": 14183.858022999999,
    "p75": 16481.92549725,
    "p90": 18646.4118687,
    "p95": 20092.052879799998,
    "p99": 22328.548181079997,
    "min": 2876.5584949999998,
    "max": 24938.161664,
    "std": 3451.573649772729
  },
  "request_count": {
    "unit": "requests",
    "avg": 2000.0
  },
  "time_to_first_token": {
    "unit": "ms",
    "avg": 472.864044583,
    "p1": 322.22042091000003,
    "p5": 328.00235519999995,
    "p10": 331.11154489999996,
    "p25": 336.55394674999997,
    "p50": 342.491334,
    "p75": 351.401004,
    "p90": 598.2671152000001,
    "p95": 1609.5711282499997,
    "p99": 2398.38095963,
    "min": 239.935654,
    "max": 2548.604452,
    "std": 415.0577483706194
  },
  "time_to_second_token": {
    "unit": "ms",
    "avg": 164.475820855,
    "p1": 22.13788654,
    "p5": 87.98062765,
    "p10": 140.1230234,
    "p25": 166.0480435,
    "p50": 170.98154599999998,
    "p75": 175.02322024999998,
    "p90": 178.7225666,
    "p95": 181.72012445,
    "p99": 231.74271052,
    "min": 0.008329999999999999,
    "max": 429.212928,
    "std": 36.44778962218447
  },
  "inter_token_latency": {
    "unit": "ms",
    "avg": 85.46612494409777,
    "p1": 51.346044715344085,
    "p5": 72.49410663670015,
    "p10": 82.86571675827781,
    "p25": 86.80700740167352,
    "p50": 87.25319556489855,
    "p75": 87.61164992508277,
    "p90": 87.87479060719512,
    "p95": 88.10610708735682,
    "p99": 88.89385303737974,
    "min": 41.009471272727275,
    "max": 91.35900048275862,
    "std": 6.35878046150625
  },
  "output_token_throughput": {
    "unit": "tokens/sec",
    "avg": 1983.425899507204
  },
  "output_token_throughput_per_user": {
    "unit": "tokens/sec/user",
    "avg": 11.799524934372348,
    "p1": 11.249371761253688,
    "p5": 11.349951022437711,
    "p10": 11.379827970165008,
    "p25": 11.414007165239997,
    "p50": 11.46089829395158,
    "p75": 11.519807328283004,
    "p90": 12.06771860361066,
    "p95": 13.794242422130809,
    "p99": 19.475708945215693,
    "min": 10.945829033984682,
    "max": 24.38461089511863,
    "std": 1.3543506076657152
  },
  "output_sequence_length": {
    "unit": "tokens",
    "avg": 163.0035,
    "p1": 79.5000000000001,
    "p5": 101.85000000000001,
    "p10": 115.70000000000002,
    "p25": 139.75,
    "p50": 164.5,
    "p75": 186.75,
    "p90": 211.10000000000014,
    "p95": 227.14999999999986,
    "p99": 252.07999999999993,
    "min": 30.0,
    "max": 261.0,
    "std": 38.797583529776695
  },
  "input_sequence_length": {
    "unit": "tokens",
    "avg": 888.63,
    "p1": 551.2900000000002,
    "p5": 588.6,
    "p10": 620.6000000000001,
    "p25": 741.75,
    "p50": 885.0,
    "p75": 1018.25,
    "p90": 1149.3000000000031,
    "p95": 1208.4499999999996,
    "p99": 1272.6399999999985,
    "min": 481.0,
    "max": 1435.0,
    "std": 194.95454111151142
  },
  "output_token_count": {
    "unit": "tokens",
    "avg": 163.0035,
    "p1": 79.5000000000001,
    "p5": 101.85000000000001,
    "p10": 115.70000000000002,
    "p25": 139.75,
    "p50": 164.5,
    "p75": 186.75,
    "p90": 211.10000000000014,
    "p95": 227.14999999999986,
    "p99": 252.07999999999993,
    "min": 30.0,
    "max": 261.0,
    "std": 38.797583529776695
  },
  "min_request_timestamp": {
    "unit": "ns",
    "avg": 1.7646684371074678e18
  },
  "max_response_timestamp": {
    "unit": "ns",
    "avg": 1.764668601473074e18
  },
  "inter_chunk_latency": {
    "unit": "ms",
    "avg": 85.3404325729155,
    "p1": 10.37597049,
    "p5": 57.9214461,
    "p10": 75.7696497,
    "p25": 82.45836824999999,
    "p50": 86.343386,
    "p75": 89.889174,
    "p90": 93.5054208,
    "p95": 96.88137729999998,
    "p99": 162.4215695799981,
    "min": 0.0067989999999999995,
    "max": 429.212928,
    "std": 22.453580714042438
  },
  "total_output_tokens": {
    "unit": "tokens",
    "avg": 326007.0
  },
  "benchmark_duration": {
    "unit": "sec",
    "avg": 164.365606036
  },
  "total_isl": {
    "unit": "tokens",
    "avg": 1777260.0
  },
  "total_osl": {
    "unit": "tokens",
    "avg": 326007.0
  },
  "telemetry_data": {
    "summary": {
      "endpoints_configured": [],
      "endpoints_successful": [],
      "start_time": "2025-12-02T17:40:37.101085",
      "end_time": "2025-12-02T17:43:21.475832"
    },
    "endpoints": {}
  },
  "input_config": {
    "endpoint": {
      "model_names": [
        "Qwen/Qwen3-0.6B"
      ],
      "custom_endpoint": "/v1/chat/completions",
      "type": "chat",
      "streaming": true,
      "url": "http://localhost:8000"
    },
    "input": {
      "extra": [
        [
          "ignore_eos",
          true
        ],
        [
          "min_tokens",
          160
        ]
      ],
      "prompt": {
        "input_tokens": {
          "mean": 900,
          "stddev": 200.0
        },
        "output_tokens": {
          "mean": 160,
          "stddev": 40.0
        }
      }
    },
    "loadgen": {
      "concurrency": 192,
      "request_rate_mode": "concurrency_burst",
      "request_count": 2000,
      "warmup_request_count": 500
    },
    "cli_command": "aiperf profile --model \"Qwen/Qwen3-0.6B\" --url \"http://localhost:8000\" --endpoint-type \"chat\" --endpoint \"/v1/chat/completions\" --streaming --warmup-request-count 500 --extra-inputs \"ignore_eos:true\" --concurrency 192 --request-count 2000 --synthetic-input-tokens-mean 900 --synthetic-input-tokens-stddev 200 --output-tokens-mean 160 --output-tokens-stddev 40 --extra-inputs \"min_tokens:160\""
  },
  "was_cancelled": false,
  "error_summary": [],
  "start_time": "2025-12-02T17:40:37.101085",
  "end_time": "2025-12-02T17:43:21.475832",
  "time_to_first_output_token": {
    "unit": "ms",
    "avg": 472.864044583,
    "p1": 322.22042091000003,
    "p5": 328.00235519999995,
    "p10": 331.11154489999996,
    "p25": 336.55394674999997,
    "p50": 342.491334,
    "p75": 351.401004,
    "p90": 598.2671152000001,
    "p95": 1609.5711282499997,
    "p99": 2398.38095963,
    "min": 239.935654,
    "max": 2548.604452,
    "std": 415.0577483706194
  },
  "prefill_throughput": {
    "unit": "tokens/sec",
    "avg": 2369.6503756702455,
    "p1": 331.908570453187,
    "p5": 542.1698868791726,
    "p10": 1390.4003504605084,
    "p25": 1957.4101315801204,
    "p50": 2456.7633871759444,
    "p75": 2890.470870183588,
    "p90": 3335.5177488501467,
    "p95": 3531.6452738456846,
    "p99": 3837.0401615041756,
    "min": 237.3025344243416,
    "max": 5007.926560722942,
    "std": 802.6851968094089
  }
}