{
  "request_throughput": {
    "unit": "requests/sec",
    "avg": 3.5276872441927454
  },
  "request_latency": {
    "unit": "ms",
    "avg": 6201.44549426,
    "p1": 2266.70815261,
    "p5": 2878.4086313000003,
    "p10": 4031.2834233999997,
    "p25": 5126.97222,
    "p50": 6203.352189499999,
    "p75": 7244.571011999999,
    "p90": 8436.0438103,
    "p95": 9305.335352549995,
    "p99": 11403.77324155,
    "min": 1092.1833219999999,
    "max": 14958.129681999999,
    "std": 1873.9782941880962
  },
  "request_count": {
    "unit": "requests",
    "avg": 600.0
  },
  "time_to_first_token": {
    "unit": "ms",
    "avg": 523.4727096083333,
    "p1": 318.65549432,
    "p5": 343.1040826,
    "p10": 346.23497249999997,
    "p25": 350.57122675,
    "p50": 355.769747,
    "p75": 373.8582915,
    "p90": 631.6854975,
    "p95": 942.9315482499998,
    "p99": 3846.3499677299997,
    "min": 312.56458799999996,
    "max": 4078.3165879999997,
    "std": 659.237220563401
  },
  "time_to_second_token": {
    "unit": "ms",
    "avg": 40.731520458333335,
    "p1": 1.3202504800000001,
    "p5": 31.61041355,
    "p10": 33.8649503,
    "p25": 35.01405475,
    "p50": 35.923092499999996,
    "p75": 36.938198,
    "p90": 38.6969564,
    "p95": 44.106801149999995,
    "p99": 192.79791075,
    "min": 0.020753999999999998,
    "max": 995.225521,
    "std": 45.20304987079849
  },
  "inter_token_latency": {
    "unit": "ms",
    "avg": 36.46229495585851,
    "p1": 32.88575301410405,
    "p5": 35.17644746156105,
    "p10": 35.521211529652945,
    "p25": 35.843862712624414,
    "p50": 36.08012981666666,
    "p75": 36.3340782035412,
    "p90": 36.47669255168463,
    "p95": 40.1413431665602,
    "p99": 45.883528229633626,
    "min": 30.562257585492226,
    "max": 63.08861503773585,
    "std": 2.303052980724776
  },
  "output_token_throughput": {
    "unit": "tokens/sec",
    "avg": 553.0884445807596
  },
  "output_token_throughput_per_user": {
    "unit": "tokens/sec/user",
    "avg": 27.510256841277915,
    "p1": 21.794417638151685,
    "p5": 24.911999915571695,
    "p10": 27.41476626639469,
    "p25": 27.522371565772374,
    "p50": 27.716086560106838,
    "p75": 27.898778886084678,
    "p90": 28.152193636333138,
    "p95": 28.428112338074975,
    "p99": 30.408307996785275,
    "min": 15.850720441427656,
    "max": 32.7200959288654,
    "std": 1.3644381370429826
  },
  "output_sequence_length": {
    "unit": "tokens",
    "avg": 156.785,
    "p1": 54.67000000000001,
    "p5": 62.0,
    "p10": 99.0,
    "p25": 132.0,
    "p50": 159.0,
    "p75": 184.0,
    "p90": 211.0,
    "p95": 230.29999999999973,
    "p99": 266.0,
    "min": 22.0,
    "max": 266.0,
    "std": 45.967148867424875
  },
  "input_sequence_length": {
    "unit": "tokens",
    "avg": 899.6366666666667,
    "p1": 312.0,
    "p5": 600.0,
    "p10": 638.0,
    "p25": 757.0,
    "p50": 889.0,
    "p75": 1045.0,
    "p90": 1148.0,
    "p95": 1233.0,
    "p99": 1319.3799999999997,
    "min": 312.0,
    "max": 1357.0,
    "std": 202.21477358381992
  },
  "output_token_count": {
    "unit": "tokens",
    "avg": 156.785,
    "p1": 54.67000000000001,
    "p5": 62.0,
    "p10": 99.0,
    "p25": 132.0,
    "p50": 159.0,
    "p75": 184.0,
    "p90": 211.0,
    "p95": 230.29999999999973,
    "p99": 266.0,
    "min": 22.0,
    "max": 266.0,
    "std": 45.967148867424875
  },
  "min_request_timestamp": {
    "unit": "ns",
    "avg": 1.7645981215308454e18
  },
  "max_response_timestamp": {
    "unit": "ns",
    "avg": 1.7645982916139505e18
  },
  "inter_chunk_latency": {
    "unit": "ms",
    "avg": 36.44398449712237,
    "p1": 2.875180639999998,
    "p5": 30.29797205,
    "p10": 33.357358,
    "p25": 34.98404125,
    "p50": 35.9735255,
    "p75": 36.95032975,
    "p90": 38.4242566,
    "p95": 41.09536145,
    "p99": 60.581867820000056,
    "min": 0.008093,
    "max": 1948.543362,
    "std": 14.880502385584057
  },
  "total_output_tokens": {
    "unit": "tokens",
    "avg": 94071.0
  },
  "benchmark_duration": {
    "unit": "sec",
    "avg": 170.08310501100001
  },
  "total_isl": {
    "unit": "tokens",
    "avg": 539782.0
  },
  "total_osl": {
    "unit": "tokens",
    "avg": 94071.0
  },
  "telemetry_data": {
    "summary": {
      "endpoints_configured": [],
      "endpoints_successful": [],
      "start_time": "2025-12-01T22:08:41.528792",
      "end_time": "2025-12-01T22:11:34.546630"
    },
    "endpoints": {}
  },
  "input_config": {
    "endpoint": {
      "model_names": [
        "Qwen/Qwen3-0.6B"
      ],
      "custom_endpoint": "/v1/chat/completions",
      "type": "chat",
      "streaming": true,
      "url": "http://localhost:8000"
    },
    "input": {
      "extra": [
        [
          "ignore_eos",
          true
        ],
        [
          "min_tokens",
          160
        ]
      ],
      "prompt": {
        "input_tokens": {
          "mean": 900,
          "stddev": 200.0
        },
        "output_tokens": {
          "mean": 160,
          "stddev": 40.0
        }
      }
    },
    "loadgen": {
      "concurrency": 24,
      "request_rate_mode": "concurrency_burst",
      "request_count": 600,
      "warmup_request_count": 40
    },
    "cli_command": "aiperf profile --model \"Qwen/Qwen3-0.6B\" --url \"http://localhost:8000\" --endpoint-type \"chat\" --endpoint \"/v1/chat/completions\" --streaming --warmup-request-count 40 --extra-inputs \"ignore_eos:true\" --concurrency 24 --request-count 600 --synthetic-input-tokens-mean 900 --synthetic-input-tokens-stddev 200 --output-tokens-mean 160 --output-tokens-stddev 40 --extra-inputs \"min_tokens:160\""
  },
  "was_cancelled": false,
  "error_summary": [],
  "start_time": "2025-12-01T22:08:41.528792",
  "end_time": "2025-12-01T22:11:34.546630",
  "time_to_first_output_token": {
    "unit": "ms",
    "avg": 523.4727096083333,
    "p1": 318.65549432,
    "p5": 343.1040826,
    "p10": 346.23497249999997,
    "p25": 350.57122675,
    "p50": 355.769747,
    "p75": 373.8582915,
    "p90": 631.6854975,
    "p95": 942.9315482499998,
    "p99": 3846.3499677299997,
    "min": 312.56458799999996,
    "max": 4078.3165879999997,
    "std": 659.237220563401
  },
  "prefill_throughput": {
    "unit": "tokens/sec",
    "avg": 2311.208500747128,
    "p1": 209.73720402585295,
    "p5": 813.6312969303855,
    "p10": 1423.142567961683,
    "p25": 1877.8654699321014,
    "p50": 2390.232702899385,
    "p75": 2882.6695730917827,
    "p90": 3181.084579010314,
    "p95": 3344.173249412863,
    "p99": 3730.876314857488,
    "min": 141.20701205416387,
    "max": 4195.23023592024,
    "std": 763.6361901177647
  }
}