{
  "request_throughput": {
    "unit": "requests/sec",
    "avg": 4.2679185412738905
  },
  "request_latency": {
    "unit": "ms",
    "avg": 5095.066871148333,
    "p1": 2202.44054783,
    "p5": 2805.0135971,
    "p10": 3688.6171504,
    "p25": 4218.8276015,
    "p50": 5240.4948134999995,
    "p75": 6028.570857,
    "p90": 6463.083699899999,
    "p95": 7010.380097549999,
    "p99": 8060.53603425,
    "min": 2047.069982,
    "max": 8216.53622,
    "std": 1214.015216937926
  },
  "request_count": {
    "unit": "requests",
    "avg": 600.0
  },
  "time_to_first_token": {
    "unit": "ms",
    "avg": 278.52446811333334,
    "p1": 226.21785447,
    "p5": 229.7510165,
    "p10": 234.1040353,
    "p25": 243.807717,
    "p50": 251.58297149999999,
    "p75": 268.05990225,
    "p90": 314.0484308,
    "p95": 434.16839645,
    "p99": 750.4816113299996,
    "min": 224.890266,
    "max": 893.6032369999999,
    "std": 96.89697961058064
  },
  "time_to_second_token": {
    "unit": "ms",
    "avg": 29.530714094999997,
    "p1": 8.55253338,
    "p5": 25.1156331,
    "p10": 26.987024299999998,
    "p25": 27.92440675,
    "p50": 28.887434499999998,
    "p75": 30.229476249999998,
    "p90": 31.805249399999997,
    "p95": 36.14651069999999,
    "p99": 57.70292805999999,
    "min": 0.012863,
    "max": 76.420962,
    "std": 6.205944466554079
  },
  "inter_token_latency": {
    "unit": "ms",
    "avg": 28.596729220429168,
    "p1": 27.441198007091543,
    "p5": 27.863715971644776,
    "p10": 28.0404946724271,
    "p25": 28.354867804298642,
    "p50": 28.63124935243902,
    "p75": 28.87486029003623,
    "p90": 29.085713069951392,
    "p95": 29.212463130140012,
    "p99": 29.38697592452667,
    "min": 26.84006396078431,
    "max": 29.836301492857142,
    "std": 0.41514269518894975
  },
  "output_token_throughput": {
    "unit": "tokens/sec",
    "avg": 722.8787029282652
  },
  "output_token_throughput_per_user": {
    "unit": "tokens/sec/user",
    "avg": 34.97648064286906,
    "p1": 34.02868000609583,
    "p5": 34.231964471652645,
    "p10": 34.38114106286233,
    "p25": 34.63220225254092,
    "p50": 34.926872652951566,
    "p75": 35.26731317076322,
    "p90": 35.662708961533454,
    "p95": 35.88896807029365,
    "p99": 36.44155903569111,
    "min": 33.516218497771966,
    "max": 37.25773535640927,
    "std": 0.513096208703742
  },
  "output_sequence_length": {
    "unit": "tokens",
    "avg": 169.375,
    "p1": 69.96000000000001,
    "p5": 91.0,
    "p10": 119.0,
    "p25": 139.0,
    "p50": 174.5,
    "p75": 204.0,
    "p90": 214.0,
    "p95": 235.0,
    "p99": 272.0,
    "min": 66.0,
    "max": 272.0,
    "std": 41.88652577699261
  },
  "input_sequence_length": {
    "unit": "tokens",
    "avg": 934.6866666666666,
    "p1": 517.37,
    "p5": 636.9000000000001,
    "p10": 671.0,
    "p25": 811.0,
    "p50": 943.0,
    "p75": 1065.0,
    "p90": 1157.3000000000002,
    "p95": 1226.0,
    "p99": 1365.0,
    "min": 356.0,
    "max": 1365.0,
    "std": 187.43762114960333
  },
  "output_token_count": {
    "unit": "tokens",
    "avg": 169.375,
    "p1": 69.96000000000001,
    "p5": 91.0,
    "p10": 119.0,
    "p25": 139.0,
    "p50": 174.5,
    "p75": 204.0,
    "p90": 214.0,
    "p95": 235.0,
    "p99": 272.0,
    "min": 66.0,
    "max": 272.0,
    "std": 41.88652577699261
  },
  "min_request_timestamp": {
    "unit": "ns",
    "avg": 1.7645830854197437e18
  },
  "max_response_timestamp": {
    "unit": "ns",
    "avg": 1.7645832260034952e18
  },
  "inter_chunk_latency": {
    "unit": "ms",
    "avg": 28.602928083267347,
    "p1": 0.26630335000000005,
    "p5": 22.714090499999998,
    "p10": 26.2137545,
    "p25": 27.593749499999998,
    "p50": 28.3348865,
    "p75": 29.084018999999998,
    "p90": 30.618972,
    "p95": 34.726707749999996,
    "p99": 54.02766064999996,
    "min": 0.006761,
    "max": 311.63381699999996,
    "std": 8.639069179063792
  },
  "total_output_tokens": {
    "unit": "tokens",
    "avg": 101625.0
  },
  "benchmark_duration": {
    "unit": "sec",
    "avg": 140.583751587
  },
  "total_isl": {
    "unit": "tokens",
    "avg": 560812.0
  },
  "total_osl": {
    "unit": "tokens",
    "avg": 101625.0
  },
  "telemetry_data": {
    "summary": {
      "endpoints_configured": [],
      "endpoints_successful": [],
      "start_time": "2025-12-01T17:58:05.416688",
      "end_time": "2025-12-01T18:00:27.469814"
    },
    "endpoints": {}
  },
  "input_config": {
    "endpoint": {
      "model_names": [
        "Qwen/Qwen3-0.6B"
      ],
      "custom_endpoint": "/v1/chat/completions",
      "type": "chat",
      "streaming": true,
      "url": "http://localhost:8000"
    },
    "input": {
      "extra": [
        [
          "ignore_eos",
          true
        ],
        [
          "min_tokens",
          160
        ]
      ],
      "prompt": {
        "input_tokens": {
          "mean": 900,
          "stddev": 200.0
        },
        "output_tokens": {
          "mean": 160,
          "stddev": 40.0
        }
      }
    },
    "loadgen": {
      "concurrency": 24,
      "request_rate_mode": "concurrency_burst",
      "request_count": 600,
      "warmup_request_count": 40
    },
    "cli_command": "aiperf profile --model \"Qwen/Qwen3-0.6B\" --url \"http://localhost:8000\" --endpoint-type \"chat\" --endpoint \"/v1/chat/completions\" --streaming --warmup-request-count 40 --extra-inputs \"ignore_eos:true\" --concurrency 24 --request-count 600 --synthetic-input-tokens-mean 900 --synthetic-input-tokens-stddev 200 --output-tokens-mean 160 --output-tokens-stddev 40 --extra-inputs \"min_tokens:160\""
  },
  "was_cancelled": false,
  "error_summary": [],
  "start_time": "2025-12-01T17:58:05.416688",
  "end_time": "2025-12-01T18:00:27.469814",
  "time_to_first_output_token": {
    "unit": "ms",
    "avg": 278.52446811333334,
    "p1": 226.21785447,
    "p5": 229.7510165,
    "p10": 234.1040353,
    "p25": 243.807717,
    "p50": 251.58297149999999,
    "p75": 268.05990225,
    "p90": 314.0484308,
    "p95": 434.16839645,
    "p99": 750.4816113299996,
    "min": 224.890266,
    "max": 893.6032369999999,
    "std": 96.89697961058064
  },
  "prefill_throughput": {
    "unit": "tokens/sec",
    "avg": 3535.768805534456,
    "p1": 1144.928682196376,
    "p5": 1891.7033218654922,
    "p10": 2441.9558246895817,
    "p25": 3040.7693320097214,
    "p50": 3634.232876585793,
    "p75": 4157.611226245637,
    "p90": 4583.401866686853,
    "p95": 4842.811191257903,
    "p99": 5279.517634507021,
    "min": 560.4976288139941,
    "max": 5740.001666660996,
    "std": 884.2087160038923
  }
}