{
  "request_throughput": {
    "unit": "requests/sec",
    "avg": 4.3037122848210085
  },
  "request_latency": {
    "unit": "ms",
    "avg": 4995.367622784999,
    "p1": 2250.30116845,
    "p5": 2754.2571574,
    "p10": 3228.7036642000003,
    "p25": 4388.961899,
    "p50": 5065.717764,
    "p75": 5820.0029939999995,
    "p90": 6379.860980699999,
    "p95": 6856.651730199999,
    "p99": 7401.369485029998,
    "min": 1510.154274,
    "max": 7874.650801,
    "std": 1199.671282474594
  },
  "request_count": {
    "unit": "requests",
    "avg": 600.0
  },
  "time_to_first_token": {
    "unit": "ms",
    "avg": 282.5367343283333,
    "p1": 231.72924846,
    "p5": 236.31258035,
    "p10": 240.08549969999999,
    "p25": 246.74357775,
    "p50": 256.87960549999997,
    "p75": 269.596449,
    "p90": 317.6596242,
    "p95": 449.09149004999995,
    "p99": 723.257646099999,
    "min": 228.251858,
    "max": 874.534553,
    "std": 97.21628395983443
  },
  "time_to_second_token": {
    "unit": "ms",
    "avg": 28.969094226666666,
    "p1": 13.851636530000002,
    "p5": 24.02680795,
    "p10": 26.350025499999997,
    "p25": 27.83340475,
    "p50": 28.6860935,
    "p75": 30.12586425,
    "p90": 31.6373683,
    "p95": 33.82520954999998,
    "p99": 47.15271094,
    "min": 0.017973,
    "max": 58.569983,
    "std": 5.0406940730670495
  },
  "inter_token_latency": {
    "unit": "ms",
    "avg": 28.513291657680888,
    "p1": 27.494790276896552,
    "p5": 27.86209291754211,
    "p10": 27.97300863610103,
    "p25": 28.247831665138666,
    "p50": 28.492749098158185,
    "p75": 28.790825263800407,
    "p90": 29.040495321156186,
    "p95": 29.22723572944785,
    "p99": 29.666183820054012,
    "min": 26.399806152941174,
    "max": 30.42262359627329,
    "std": 0.4475733607547096
  },
  "output_token_throughput": {
    "unit": "tokens/sec",
    "avg": 715.3845745443721
  },
  "output_token_throughput_per_user": {
    "unit": "tokens/sec/user",
    "avg": 35.07999216979549,
    "p1": 33.70841589386196,
    "p5": 34.2146623737824,
    "p10": 34.43467437380905,
    "p25": 34.733287133892716,
    "p50": 35.09664855485494,
    "p75": 35.400947305686636,
    "p90": 35.748746696604705,
    "p95": 35.891058286795406,
    "p99": 36.37055979664684,
    "min": 32.870274874074234,
    "max": 37.87906601308855,
    "std": 0.550012126352848
  },
  "output_sequence_length": {
    "unit": "tokens",
    "avg": 166.225,
    "p1": 71.74000000000001,
    "p5": 88.0,
    "p10": 105.0,
    "p25": 146.0,
    "p50": 169.0,
    "p75": 195.0,
    "p90": 214.0,
    "p95": 230.0,
    "p99": 247.0,
    "min": 46.0,
    "max": 256.0,
    "std": 41.62760752593564
  },
  "input_sequence_length": {
    "unit": "tokens",
    "avg": 883.7583333333333,
    "p1": 472.0,
    "p5": 578.3000000000001,
    "p10": 651.8,
    "p25": 744.0,
    "p50": 893.0,
    "p75": 1011.0,
    "p90": 1113.0,
    "p95": 1184.8499999999992,
    "p99": 1367.3399999999997,
    "min": 405.0,
    "max": 1401.0,
    "std": 189.4910550146248
  },
  "output_token_count": {
    "unit": "tokens",
    "avg": 166.225,
    "p1": 71.74000000000001,
    "p5": 88.0,
    "p10": 105.0,
    "p25": 146.0,
    "p50": 169.0,
    "p75": 195.0,
    "p90": 214.0,
    "p95": 230.0,
    "p99": 247.0,
    "min": 46.0,
    "max": 256.0,
    "std": 41.62760752593564
  },
  "min_request_timestamp": {
    "unit": "ns",
    "avg": 1.7654407653666304e18
  },
  "max_response_timestamp": {
    "unit": "ns",
    "avg": 1.7654409047811543e18
  },
  "inter_chunk_latency": {
    "unit": "ms",
    "avg": 28.516524133461072,
    "p1": 4.50245413,
    "p5": 24.0307432,
    "p10": 26.2659196,
    "p25": 27.459609999999998,
    "p50": 28.211636499999997,
    "p75": 28.987419749999997,
    "p90": 30.3619528,
    "p95": 33.441578949999986,
    "p99": 50.29476419000003,
    "min": 0.007696,
    "max": 352.30062399999997,
    "std": 8.097766363060217
  },
  "total_output_tokens": {
    "unit": "tokens",
    "avg": 99735.0
  },
  "benchmark_duration": {
    "unit": "sec",
    "avg": 139.414524088
  },
  "total_isl": {
    "unit": "tokens",
    "avg": 530255.0
  },
  "total_osl": {
    "unit": "tokens",
    "avg": 99735.0
  },
  "telemetry_data": {
    "summary": {
      "endpoints_configured": [],
      "endpoints_successful": [],
      "start_time": "2025-12-11T16:12:45.364319",
      "end_time": "2025-12-11T16:15:04.783123"
    },
    "endpoints": {}
  },
  "input_config": {
    "endpoint": {
      "model_names": [
        "Qwen/Qwen3-0.6B"
      ],
      "custom_endpoint": "/v1/chat/completions",
      "type": "chat",
      "streaming": true,
      "url": "http://localhost:8000"
    },
    "input": {
      "extra": [
        [
          "ignore_eos",
          true
        ],
        [
          "min_tokens",
          160
        ]
      ],
      "prompt": {
        "input_tokens": {
          "mean": 900,
          "stddev": 200.0
        },
        "output_tokens": {
          "mean": 160,
          "stddev": 40.0
        }
      }
    },
    "loadgen": {
      "concurrency": 24,
      "request_rate_mode": "concurrency_burst",
      "request_count": 600,
      "warmup_request_count": 40
    },
    "cli_command": "aiperf profile --model \"Qwen/Qwen3-0.6B\" --url \"http://localhost:8000\" --endpoint-type \"chat\" --endpoint \"/v1/chat/completions\" --streaming --warmup-request-count 40 --extra-inputs \"ignore_eos:true\" --concurrency 24 --request-count 600 --synthetic-input-tokens-mean 900 --synthetic-input-tokens-stddev 200 --output-tokens-mean 160 --output-tokens-stddev 40 --extra-inputs \"min_tokens:160\""
  },
  "was_cancelled": false,
  "error_summary": [],
  "start_time": "2025-12-11T16:12:45.364319",
  "end_time": "2025-12-11T16:15:04.783123",
  "time_to_first_output_token": {
    "unit": "ms",
    "avg": 282.5367343283333,
    "p1": 231.72924846,
    "p5": 236.31258035,
    "p10": 240.08549969999999,
    "p25": 246.74357775,
    "p50": 256.87960549999997,
    "p75": 269.596449,
    "p90": 317.6596242,
    "p95": 449.09149004999995,
    "p99": 723.257646099999,
    "min": 228.251858,
    "max": 874.534553,
    "std": 97.21628395983443
  },
  "prefill_throughput": {
    "unit": "tokens/sec",
    "avg": 3296.4628797675773,
    "p1": 1125.0093246078955,
    "p5": 1596.894735117085,
    "p10": 2195.4181865705173,
    "p25": 2792.7333508076863,
    "p50": 3307.4955244427074,
    "p75": 3914.789829917222,
    "p90": 4320.458262820034,
    "p95": 4658.058785303232,
    "p99": 5242.630900229899,
    "min": 634.8318773876997,
    "max": 5821.5158638925095,
    "std": 875.2169055524424
  }
}