{
  "request_throughput": {
    "unit": "requests/sec",
    "avg": 10.108032140830304
  },
  "request_latency": {
    "unit": "ms",
    "avg": 16899.2113650695,
    "p1": 9342.30812421,
    "p5": 11400.973441799999,
    "p10": 12381.429192,
    "p25": 14488.502194499999,
    "p50": 16749.227866999998,
    "p75": 19126.445945249998,
    "p90": 21690.200294100003,
    "p95": 23053.604782349998,
    "p99": 25417.4436912,
    "min": 7703.257527,
    "max": 27498.059433,
    "std": 3510.359133056185
  },
  "request_count": {
    "unit": "requests",
    "avg": 2000.0
  },
  "time_to_first_token": {
    "unit": "ms",
    "avg": 591.156669818,
    "p1": 255.44382514999998,
    "p5": 262.2346824,
    "p10": 265.85525659999996,
    "p25": 275.018213,
    "p50": 290.0670345,
    "p75": 396.26613699999996,
    "p90": 1788.8044215,
    "p95": 2390.9181298999997,
    "p99": 2993.69089742,
    "min": 250.583674,
    "max": 3175.076088,
    "std": 673.9186662204861
  },
  "time_to_second_token": {
    "unit": "ms",
    "avg": 50.072282580999996,
    "p1": 0.0177489,
    "p5": 3.4432936,
    "p10": 12.4347109,
    "p25": 38.737046,
    "p50": 52.201988,
    "p75": 58.400935749999995,
    "p90": 68.41554040000001,
    "p95": 83.77281069999998,
    "p99": 154.96348503999997,
    "min": 0.008502,
    "max": 358.829689,
    "std": 30.174078400107806
  },
  "inter_token_latency": {
    "unit": "ms",
    "avg": 26.94492446188721,
    "p1": 19.327195790248247,
    "p5": 22.278799431086956,
    "p10": 24.048044426683497,
    "p25": 26.26752251751668,
    "p50": 27.331248074598307,
    "p75": 28.097288973915347,
    "p90": 29.1620712591343,
    "p95": 29.944625904157963,
    "p99": 31.351939437718684,
    "min": 14.746295713513513,
    "max": 33.80256010625,
    "std": 2.2357821802367686
  },
  "output_token_throughput": {
    "unit": "tokens/sec",
    "avg": 6128.333104455089
  },
  "output_token_throughput_per_user": {
    "unit": "tokens/sec/user",
    "avg": 37.40892205836593,
    "p1": 31.895954078230528,
    "p5": 33.39497407096793,
    "p10": 34.291117334722436,
    "p25": 35.59062239157851,
    "p50": 36.58815719297556,
    "p75": 38.06982556043908,
    "p90": 41.5834228779099,
    "p95": 44.88573425566513,
    "p99": 51.740563693486045,
    "min": 29.5835580753868,
    "max": 67.81364075613914,
    "std": 3.6270249418217317
  },
  "output_sequence_length": {
    "unit": "tokens",
    "avg": 606.2835,
    "p1": 350.71000000000004,
    "p5": 416.65000000000003,
    "p10": 453.70000000000005,
    "p25": 526.75,
    "p50": 601.5,
    "p75": 691.0,
    "p90": 774.1000000000001,
    "p95": 806.5499999999995,
    "p99": 898.2799999999997,
    "min": 320.0,
    "max": 926.0,
    "std": 121.76862948949537
  },
  "input_sequence_length": {
    "unit": "tokens",
    "avg": 180.03,
    "p1": 59.95000000000001,
    "p5": 90.9,
    "p10": 118.9,
    "p25": 153.5,
    "p50": 176.0,
    "p75": 211.5,
    "p90": 249.0,
    "p95": 260.14999999999986,
    "p99": 274.03999999999996,
    "min": 55.0,
    "max": 278.0,
    "std": 48.516482766169275
  },
  "output_token_count": {
    "unit": "tokens",
    "avg": 606.2835,
    "p1": 350.71000000000004,
    "p5": 416.65000000000003,
    "p10": 453.70000000000005,
    "p25": 526.75,
    "p50": 601.5,
    "p75": 691.0,
    "p90": 774.1000000000001,
    "p95": 806.5499999999995,
    "p99": 898.2799999999997,
    "min": 320.0,
    "max": 926.0,
    "std": 121.76862948949537
  },
  "min_request_timestamp": {
    "unit": "ns",
    "avg": 1.7646557132561034e18
  },
  "max_response_timestamp": {
    "unit": "ns",
    "avg": 1.7646559111185528e18
  },
  "inter_chunk_latency": {
    "unit": "ms",
    "avg": 26.927866806333178,
    "p1": 0.009963999999999999,
    "p5": 0.48389455000000037,
    "p10": 3.3724722000000003,
    "p25": 19.112581249999998,
    "p50": 26.4209435,
    "p75": 30.913310499999998,
    "p90": 38.637652900000006,
    "p95": 49.78686295000001,
    "p99": 101.42867474000037,
    "min": 0.005908999999999999,
    "max": 530.676066,
    "std": 24.55855816665253
  },
  "total_output_tokens": {
    "unit": "tokens",
    "avg": 1212567.0
  },
  "benchmark_duration": {
    "unit": "sec",
    "avg": 197.862449598
  },
  "total_isl": {
    "unit": "tokens",
    "avg": 360060.0
  },
  "total_osl": {
    "unit": "tokens",
    "avg": 1212567.0
  },
  "telemetry_data": {
    "summary": {
      "endpoints_configured": [],
      "endpoints_successful": [],
      "start_time": "2025-12-02T14:08:33.250101",
      "end_time": "2025-12-02T14:11:54.060691"
    },
    "endpoints": {}
  },
  "input_config": {
    "endpoint": {
      "model_names": [
        "Qwen/Qwen3-0.6B"
      ],
      "custom_endpoint": "/v1/chat/completions",
      "type": "chat",
      "streaming": true,
      "url": "http://localhost:8000"
    },
    "input": {
      "extra": [
        [
          "ignore_eos",
          true
        ],
        [
          "min_tokens",
          500
        ]
      ],
      "prompt": {
        "input_tokens": {
          "mean": 180,
          "stddev": 50.0
        },
        "output_tokens": {
          "mean": 600,
          "stddev": 120.0
        }
      }
    },
    "loadgen": {
      "concurrency": 192,
      "request_rate_mode": "concurrency_burst",
      "request_count": 2000,
      "warmup_request_count": 500
    },
    "cli_command": "aiperf profile --model \"Qwen/Qwen3-0.6B\" --url \"http://localhost:8000\" --endpoint-type \"chat\" --endpoint \"/v1/chat/completions\" --streaming --warmup-request-count 500 --extra-inputs \"ignore_eos:true\" --concurrency 192 --request-count 2000 --synthetic-input-tokens-mean 180 --synthetic-input-tokens-stddev 50 --output-tokens-mean 600 --output-tokens-stddev 120 --extra-inputs \"min_tokens:500\""
  },
  "was_cancelled": false,
  "error_summary": [],
  "start_time": "2025-12-02T14:08:33.250101",
  "end_time": "2025-12-02T14:11:54.060691",
  "time_to_first_output_token": {
    "unit": "ms",
    "avg": 591.156669818,
    "p1": 255.44382514999998,
    "p5": 262.2346824,
    "p10": 265.85525659999996,
    "p25": 275.018213,
    "p50": 290.0670345,
    "p75": 396.26613699999996,
    "p90": 1788.8044215,
    "p95": 2390.9181298999997,
    "p99": 2993.69089742,
    "min": 250.583674,
    "max": 3175.076088,
    "std": 673.9186662204861
  },
  "prefill_throughput": {
    "unit": "tokens/sec",
    "avg": 515.5960958427976,
    "p1": 43.11204985513409,
    "p5": 73.7214508299213,
    "p10": 101.2667307328614,
    "p25": 331.59116525513264,
    "p50": 562.9515425838861,
    "p75": 683.533014367299,
    "p90": 832.2431468099637,
    "p95": 899.4411579028983,
    "p99": 1000.8792046120711,
    "min": 17.423320609866867,
    "max": 1090.2930161696572,
    "std": 253.5686887893681
  }
}