{
  "request_throughput": {
    "unit": "requests/sec",
    "avg": 21.313091404181076
  },
  "request_latency": {
    "unit": "ms",
    "avg": 1943.6336889699999,
    "p1": 896.93220935,
    "p5": 1221.7312458499998,
    "p10": 1379.0388834999999,
    "p25": 1610.0253625,
    "p50": 1898.8508775,
    "p75": 2311.24533425,
    "p90": 2573.6653883,
    "p95": 2686.8715776999998,
    "p99": 2971.782527059999,
    "min": 655.462894,
    "max": 3346.9751189999997,
    "std": 468.2699333580533
  },
  "request_count": {
    "unit": "requests",
    "avg": 600.0
  },
  "time_to_first_token": {
    "unit": "ms",
    "avg": 275.64574512166666,
    "p1": 224.59667169999997,
    "p5": 226.5918369,
    "p10": 228.16348109999998,
    "p25": 231.3116015,
    "p50": 237.318332,
    "p75": 248.60126449999998,
    "p90": 281.88047620000003,
    "p95": 639.2837025999999,
    "p99": 827.2483929799998,
    "min": 221.202058,
    "max": 861.5229889999999,
    "std": 123.85391059514507
  },
  "time_to_second_token": {
    "unit": "ms",
    "avg": 10.995135646666666,
    "p1": 0.02593049,
    "p5": 4.91629005,
    "p10": 7.1722757,
    "p25": 9.24336875,
    "p50": 10.354322,
    "p75": 11.505072,
    "p90": 13.7568313,
    "p95": 17.026648399999985,
    "p99": 43.73530119999992,
    "min": 0.014615,
    "max": 71.619451,
    "std": 6.407082226675963
  },
  "inter_token_latency": {
    "unit": "ms",
    "avg": 10.608030332989145,
    "p1": 8.774375003836665,
    "p5": 9.46268455190056,
    "p10": 9.668124410016024,
    "p25": 10.09091499725,
    "p50": 10.631021524305556,
    "p75": 11.201528221994232,
    "p90": 11.485953678176061,
    "p95": 11.710683405369911,
    "p99": 11.932199033260073,
    "min": 7.33166396875,
    "max": 12.140333957142857,
    "std": 0.7391225407258103
  },
  "output_token_throughput": {
    "unit": "tokens/sec",
    "avg": 3371.4824074083976
  },
  "output_token_throughput_per_user": {
    "unit": "tokens/sec/user",
    "avg": 94.75002579663128,
    "p1": 83.80684923772556,
    "p5": 85.39211348901595,
    "p10": 87.06287538759953,
    "p25": 89.27353385116976,
    "p50": 94.06435392588179,
    "p75": 99.09904361807232,
    "p90": 103.43268653712198,
    "p95": 105.67828146569931,
    "p99": 113.96830189497005,
    "min": 82.37005699597269,
    "max": 136.39468533505269,
    "std": 6.962992849574193
  },
  "output_sequence_length": {
    "unit": "tokens",
    "avg": 158.18833333333333,
    "p1": 70.74000000000001,
    "p5": 96.65000000000002,
    "p10": 112.9,
    "p25": 127.0,
    "p50": 157.5,
    "p75": 190.25,
    "p90": 208.4000000000001,
    "p95": 222.29999999999973,
    "p99": 241.08999999999992,
    "min": 45.0,
    "max": 250.0,
    "std": 40.53438290170731
  },
  "input_sequence_length": {
    "unit": "tokens",
    "avg": 922.96,
    "p1": 527.35,
    "p5": 660.0000000000001,
    "p10": 690.5,
    "p25": 794.5,
    "p50": 928.0,
    "p75": 1021.75,
    "p90": 1203.2,
    "p95": 1256.05,
    "p99": 1335.179999999999,
    "min": 463.0,
    "max": 1452.0,
    "std": 190.405825541132
  },
  "output_token_count": {
    "unit": "tokens",
    "avg": 158.18833333333333,
    "p1": 70.74000000000001,
    "p5": 96.65000000000002,
    "p10": 112.9,
    "p25": 127.0,
    "p50": 157.5,
    "p75": 190.25,
    "p90": 208.4000000000001,
    "p95": 222.29999999999973,
    "p99": 241.08999999999992,
    "min": 45.0,
    "max": 250.0,
    "std": 40.53438290170731
  },
  "min_request_timestamp": {
    "unit": "ns",
    "avg": 1.764648886926999e18
  },
  "max_response_timestamp": {
    "unit": "ns",
    "avg": 1.7646489150787105e18
  },
  "inter_chunk_latency": {
    "unit": "ms",
    "avg": 10.608585790550997,
    "p1": 0.019475959999999997,
    "p5": 1.5330662000000002,
    "p10": 5.6459403,
    "p25": 8.773202,
    "p50": 10.202586499999999,
    "p75": 11.6110125,
    "p90": 15.6041323,
    "p95": 17.695479349999996,
    "p99": 26.884403010000057,
    "min": 0.008584,
    "max": 266.97801599999997,
    "std": 7.889522207113259
  },
  "total_output_tokens": {
    "unit": "tokens",
    "avg": 94913.0
  },
  "benchmark_duration": {
    "unit": "sec",
    "avg": 28.151711482000003
  },
  "total_isl": {
    "unit": "tokens",
    "avg": 553776.0
  },
  "total_osl": {
    "unit": "tokens",
    "avg": 94913.0
  },
  "telemetry_data": {
    "summary": {
      "endpoints_configured": [],
      "endpoints_successful": [],
      "start_time": "2025-12-02T12:14:46.922154",
      "end_time": "2025-12-02T12:15:15.082104"
    },
    "endpoints": {}
  },
  "input_config": {
    "endpoint": {
      "model_names": [
        "Qwen/Qwen3-0.6B"
      ],
      "custom_endpoint": "/v1/chat/completions",
      "type": "chat",
      "streaming": true,
      "url": "http://localhost:8000"
    },
    "input": {
      "extra": [
        [
          "ignore_eos",
          true
        ],
        [
          "min_tokens",
          160
        ]
      ],
      "prompt": {
        "input_tokens": {
          "mean": 900,
          "stddev": 200.0
        },
        "output_tokens": {
          "mean": 160,
          "stddev": 40.0
        }
      }
    },
    "loadgen": {
      "concurrency": 48,
      "request_rate_mode": "concurrency_burst",
      "request_count": 600,
      "warmup_request_count": 100
    },
    "cli_command": "aiperf profile --model \"Qwen/Qwen3-0.6B\" --url \"http://localhost:8000\" --endpoint-type \"chat\" --endpoint \"/v1/chat/completions\" --streaming --warmup-request-count 100 --extra-inputs \"ignore_eos:true\" --concurrency 48 --request-count 600 --synthetic-input-tokens-mean 900 --synthetic-input-tokens-stddev 200 --output-tokens-mean 160 --output-tokens-stddev 40 --extra-inputs \"min_tokens:160\""
  },
  "was_cancelled": false,
  "error_summary": [],
  "start_time": "2025-12-02T12:14:46.922154",
  "end_time": "2025-12-02T12:15:15.082104",
  "time_to_first_output_token": {
    "unit": "ms",
    "avg": 275.64574512166666,
    "p1": 224.59667169999997,
    "p5": 226.5918369,
    "p10": 228.16348109999998,
    "p25": 231.3116015,
    "p50": 237.318332,
    "p75": 248.60126449999998,
    "p90": 281.88047620000003,
    "p95": 639.2837025999999,
    "p99": 827.2483929799998,
    "min": 221.202058,
    "max": 861.5229889999999,
    "std": 123.85391059514507
  },
  "prefill_throughput": {
    "unit": "tokens/sec",
    "avg": 3644.75750227686,
    "p1": 992.4566588394534,
    "p5": 1522.019620938092,
    "p10": 2408.6361308804358,
    "p25": 3098.9719008658467,
    "p50": 3723.718659304521,
    "p75": 4240.990886559683,
    "p90": 4893.132675590286,
    "p95": 5191.4696107764485,
    "p99": 5781.686033407809,
    "min": 739.9642216590922,
    "max": 6300.382694877703,
    "std": 1012.8338714667674
  }
}