{
  "request_throughput": {
    "unit": "requests/sec",
    "avg": 9.132598329618613
  },
  "request_latency": {
    "unit": "ms",
    "avg": 9433.900079362498,
    "p1": 5000.999519319999,
    "p5": 6187.460154949999,
    "p10": 7106.6636622999995,
    "p25": 8205.08193525,
    "p50": 9384.7319555,
    "p75": 10671.02096675,
    "p90": 12053.394960900001,
    "p95": 12509.885927549998,
    "p99": 13061.49069986,
    "min": 4840.151926,
    "max": 13554.764481,
    "std": 1847.4117306040464
  },
  "request_count": {
    "unit": "requests",
    "avg": 1200.0
  },
  "time_to_first_token": {
    "unit": "ms",
    "avg": 278.564638285,
    "p1": 231.72442812999998,
    "p5": 233.53079465,
    "p10": 235.22637989999998,
    "p25": 238.174219,
    "p50": 242.90603449999998,
    "p75": 247.97096125,
    "p90": 301.5369949000001,
    "p95": 616.78112955,
    "p99": 818.03945989,
    "min": 216.56162799999998,
    "max": 823.520315,
    "std": 120.13755743989762
  },
  "time_to_second_token": {
    "unit": "ms",
    "avg": 14.910148820833331,
    "p1": 0.01618349,
    "p5": 2.8342451,
    "p10": 7.8985766,
    "p25": 14.066044999999999,
    "p50": 15.455788,
    "p75": 16.53197375,
    "p90": 18.443046499999998,
    "p95": 21.440007899999998,
    "p99": 31.46453157999999,
    "min": 0.007591,
    "max": 100.633596,
    "std": 6.55687493312756
  },
  "inter_token_latency": {
    "unit": "ms",
    "avg": 15.457509861517627,
    "p1": 11.47106227470991,
    "p5": 14.678127766712203,
    "p10": 15.218124519686052,
    "p25": 15.419239326149425,
    "p50": 15.623135332493584,
    "p75": 15.752439799827076,
    "p90": 15.859807200736846,
    "p95": 15.909363228699748,
    "p99": 16.022120537198113,
    "min": 9.342015261694058,
    "max": 16.08325494793262,
    "std": 0.7351042555154368
  },
  "output_token_throughput": {
    "unit": "tokens/sec",
    "avg": 5420.973379486664
  },
  "output_token_throughput_per_user": {
    "unit": "tokens/sec/user",
    "avg": 64.89054786930762,
    "p1": 62.41371096628144,
    "p5": 62.85606696583485,
    "p10": 63.052468884628595,
    "p25": 63.48222962091341,
    "p50": 64.0076385971974,
    "p75": 64.85404237246657,
    "p90": 65.71112026289701,
    "p95": 68.12859135952839,
    "p99": 87.17590078140172,
    "min": 62.176468832793226,
    "max": 107.04328477179799,
    "std": 4.189822544370618
  },
  "output_sequence_length": {
    "unit": "tokens",
    "avg": 593.585,
    "p1": 306.97,
    "p5": 423.7500000000001,
    "p10": 444.70000000000005,
    "p25": 514.0,
    "p50": 590.0,
    "p75": 668.25,
    "p90": 758.700000000001,
    "p95": 782.4999999999995,
    "p99": 815.0799999999999,
    "min": 301.0,
    "max": 826.0,
    "std": 116.93775171004442
  },
  "input_sequence_length": {
    "unit": "tokens",
    "avg": 181.02,
    "p1": 49.99,
    "p5": 90.45000000000003,
    "p10": 117.70000000000002,
    "p25": 150.75,
    "p50": 177.0,
    "p75": 214.25,
    "p90": 250.10000000000014,
    "p95": 275.0,
    "p99": 287.1199999999999,
    "min": 49.0,
    "max": 299.0,
    "std": 51.416530415810826
  },
  "output_token_count": {
    "unit": "tokens",
    "avg": 593.585,
    "p1": 306.97,
    "p5": 423.7500000000001,
    "p10": 444.70000000000005,
    "p25": 514.0,
    "p50": 590.0,
    "p75": 668.25,
    "p90": 758.700000000001,
    "p95": 782.4999999999995,
    "p99": 815.0799999999999,
    "min": 301.0,
    "max": 826.0,
    "std": 116.93775171004442
  },
  "min_request_timestamp": {
    "unit": "ns",
    "avg": 1.76464993584987e18
  },
  "max_response_timestamp": {
    "unit": "ns",
    "avg": 1.7646500672473055e18
  },
  "inter_chunk_latency": {
    "unit": "ms",
    "avg": 15.446047004669074,
    "p1": 0.016239,
    "p5": 6.326249499999999,
    "p10": 10.397186,
    "p25": 14.192492999999999,
    "p50": 15.499205,
    "p75": 16.6860935,
    "p90": 18.6856535,
    "p95": 21.70242675,
    "p99": 33.29536075,
    "min": 0.00584,
    "max": 234.24552899999998,
    "std": 6.8433956786425
  },
  "total_output_tokens": {
    "unit": "tokens",
    "avg": 712302.0
  },
  "benchmark_duration": {
    "unit": "sec",
    "avg": 131.39743550400001
  },
  "total_isl": {
    "unit": "tokens",
    "avg": 217224.0
  },
  "total_osl": {
    "unit": "tokens",
    "avg": 712302.0
  },
  "telemetry_data": {
    "summary": {
      "endpoints_configured": [],
      "endpoints_successful": [],
      "start_time": "2025-12-02T12:32:15.844091",
      "end_time": "2025-12-02T12:34:30.187704"
    },
    "endpoints": {}
  },
  "input_config": {
    "endpoint": {
      "model_names": [
        "Qwen/Qwen3-0.6B"
      ],
      "custom_endpoint": "/v1/chat/completions",
      "type": "chat",
      "streaming": true,
      "url": "http://localhost:8000"
    },
    "input": {
      "extra": [
        [
          "ignore_eos",
          true
        ],
        [
          "min_tokens",
          500
        ]
      ],
      "prompt": {
        "input_tokens": {
          "mean": 180,
          "stddev": 50.0
        },
        "output_tokens": {
          "mean": 600,
          "stddev": 120.0
        }
      }
    },
    "loadgen": {
      "concurrency": 96,
      "request_rate_mode": "concurrency_burst",
      "request_count": 1200,
      "warmup_request_count": 200
    },
    "cli_command": "aiperf profile --model \"Qwen/Qwen3-0.6B\" --url \"http://localhost:8000\" --endpoint-type \"chat\" --endpoint \"/v1/chat/completions\" --streaming --warmup-request-count 200 --extra-inputs \"ignore_eos:true\" --concurrency 96 --request-count 1200 --synthetic-input-tokens-mean 180 --synthetic-input-tokens-stddev 50 --output-tokens-mean 600 --output-tokens-stddev 120 --extra-inputs \"min_tokens:500\""
  },
  "was_cancelled": false,
  "error_summary": [],
  "start_time": "2025-12-02T12:32:15.844091",
  "end_time": "2025-12-02T12:34:30.187704",
  "time_to_first_output_token": {
    "unit": "ms",
    "avg": 278.564638285,
    "p1": 231.72442812999998,
    "p5": 233.53079465,
    "p10": 235.22637989999998,
    "p25": 238.174219,
    "p50": 242.90603449999998,
    "p75": 247.97096125,
    "p90": 301.5369949000001,
    "p95": 616.78112955,
    "p99": 818.03945989,
    "min": 216.56162799999998,
    "max": 823.520315,
    "std": 120.13755743989762
  },
  "prefill_throughput": {
    "unit": "tokens/sec",
    "avg": 704.2806133315744,
    "p1": 176.07922958119002,
    "p5": 260.639218137806,
    "p10": 333.9591457938226,
    "p25": 587.8218810484768,
    "p50": 712.4986770952019,
    "p75": 851.1818523186951,
    "p90": 1011.5527286189927,
    "p95": 1105.522809063018,
    "p99": 1217.8588792292796,
    "min": 60.828178857940685,
    "max": 1274.080059867275,
    "std": 240.68546154030102
  }
}