{
  "request_throughput": {
    "unit": "requests/sec",
    "avg": 8.74180447170927
  },
  "request_latency": {
    "unit": "ms",
    "avg": 9710.712864695834,
    "p1": 4117.942496469999,
    "p5": 6108.7567778,
    "p10": 7154.920222399999,
    "p25": 8274.54651075,
    "p50": 9680.736728,
    "p75": 11039.57435375,
    "p90": 12828.3208192,
    "p95": 13746.7088635,
    "p99": 15774.85492658,
    "min": 3823.774845,
    "max": 17677.60586,
    "std": 2252.281197564503
  },
  "request_count": {
    "unit": "requests",
    "avg": 1200.0
  },
  "time_to_first_token": {
    "unit": "ms",
    "avg": 388.0216190575,
    "p1": 239.46788797999997,
    "p5": 241.90385659999998,
    "p10": 243.39418899999998,
    "p25": 247.9820615,
    "p50": 254.269083,
    "p75": 279.54579325,
    "p90": 354.6466693,
    "p95": 1500.5960415999994,
    "p99": 2816.7931705299993,
    "min": 233.08423299999998,
    "max": 3153.773099,
    "std": 479.6056798272826
  },
  "time_to_second_token": {
    "unit": "ms",
    "avg": 30.471441400833335,
    "p1": 0.9343595100000002,
    "p5": 13.77282185,
    "p10": 24.6448155,
    "p25": 29.690254499999998,
    "p50": 31.167913499999997,
    "p75": 32.65790225,
    "p90": 34.6388631,
    "p95": 37.021417,
    "p99": 64.15335959999999,
    "min": 0.00762,
    "max": 111.92166999999999,
    "std": 8.785508071170913
  },
  "inter_token_latency": {
    "unit": "ms",
    "avg": 15.781370426172472,
    "p1": 12.37439924485803,
    "p5": 14.275672545670218,
    "p10": 15.649452042337492,
    "p25": 15.75993896040511,
    "p50": 15.904285201774313,
    "p75": 16.058509947542703,
    "p90": 16.23504933305536,
    "p95": 16.332783528554295,
    "p99": 16.492535581782306,
    "min": 10.30726118906606,
    "max": 16.651851818505335,
    "std": 0.7121316807340689
  },
  "output_token_throughput": {
    "unit": "tokens/sec",
    "avg": 5177.836352126939
  },
  "output_token_throughput_per_user": {
    "unit": "tokens/sec/user",
    "avg": 63.5242337980547,
    "p1": 60.633490548216855,
    "p5": 61.22655077538147,
    "p10": 61.59513159546656,
    "p25": 62.272278266698855,
    "p50": 62.87613645161014,
    "p75": 63.45202240566882,
    "p90": 63.90000098933303,
    "p95": 70.04924007006746,
    "p99": 80.81206554189681,
    "min": 60.0533809031793,
    "max": 97.01898318641615,
    "std": 3.5295138311360343
  },
  "output_sequence_length": {
    "unit": "tokens",
    "avg": 592.3075,
    "p1": 244.85,
    "p5": 365.9,
    "p10": 437.0,
    "p25": 507.75,
    "p50": 591.0,
    "p75": 675.0,
    "p90": 768.1000000000056,
    "p95": 820.7999999999984,
    "p99": 913.6599999999994,
    "min": 230.0,
    "max": 981.0,
    "std": 139.15346304380404
  },
  "input_sequence_length": {
    "unit": "tokens",
    "avg": 180.3,
    "p1": 66.85000000000001,
    "p5": 94.95,
    "p10": 116.40000000000003,
    "p25": 143.0,
    "p50": 177.5,
    "p75": 221.5,
    "p90": 251.10000000000014,
    "p95": 258.04999999999995,
    "p99": 268.1399999999999,
    "min": 52.0,
    "max": 282.0,
    "std": 50.989704843232815
  },
  "output_token_count": {
    "unit": "tokens",
    "avg": 592.3075,
    "p1": 244.85,
    "p5": 365.9,
    "p10": 437.0,
    "p25": 507.75,
    "p50": 591.0,
    "p75": 675.0,
    "p90": 768.1000000000056,
    "p95": 820.7999999999984,
    "p99": 913.6599999999994,
    "min": 230.0,
    "max": 981.0,
    "std": 139.15346304380404
  },
  "min_request_timestamp": {
    "unit": "ns",
    "avg": 1.7646450031924767e18
  },
  "max_response_timestamp": {
    "unit": "ns",
    "avg": 1.7646451404639066e18
  },
  "inter_chunk_latency": {
    "unit": "ms",
    "avg": 15.761012187541912,
    "p1": 0.016811,
    "p5": 7.849110349999999,
    "p10": 11.669397199999999,
    "p25": 14.49659325,
    "p50": 15.7752325,
    "p75": 17.0401335,
    "p90": 18.9246079,
    "p95": 21.23719365,
    "p99": 31.13406382999999,
    "min": 0.005882,
    "max": 245.23191699999998,
    "std": 6.291620547576366
  },
  "total_output_tokens": {
    "unit": "tokens",
    "avg": 710769.0
  },
  "benchmark_duration": {
    "unit": "sec",
    "avg": 137.27142993
  },
  "total_isl": {
    "unit": "tokens",
    "avg": 216360.0
  },
  "total_osl": {
    "unit": "tokens",
    "avg": 710769.0
  },
  "telemetry_data": {
    "summary": {
      "endpoints_configured": [],
      "endpoints_successful": [],
      "start_time": "2025-12-02T11:10:03.183133",
      "end_time": "2025-12-02T11:12:20.471594"
    },
    "endpoints": {}
  },
  "input_config": {
    "endpoint": {
      "model_names": [
        "Qwen/Qwen3-0.6B"
      ],
      "custom_endpoint": "/v1/chat/completions",
      "type": "chat",
      "streaming": true,
      "url": "http://localhost:8000"
    },
    "input": {
      "extra": [
        [
          "ignore_eos",
          true
        ],
        [
          "min_tokens",
          500
        ]
      ],
      "prompt": {
        "input_tokens": {
          "mean": 180,
          "stddev": 50.0
        },
        "output_tokens": {
          "mean": 600,
          "stddev": 120.0
        }
      }
    },
    "loadgen": {
      "concurrency": 96,
      "request_rate_mode": "concurrency_burst",
      "request_count": 1200,
      "warmup_request_count": 200
    },
    "cli_command": "aiperf profile --model \"Qwen/Qwen3-0.6B\" --url \"http://localhost:8000\" --endpoint-type \"chat\" --endpoint \"/v1/chat/completions\" --streaming --warmup-request-count 200 --extra-inputs \"ignore_eos:true\" --concurrency 96 --request-count 1200 --synthetic-input-tokens-mean 180 --synthetic-input-tokens-stddev 50 --output-tokens-mean 600 --output-tokens-stddev 120 --extra-inputs \"min_tokens:500\""
  },
  "was_cancelled": false,
  "error_summary": [],
  "start_time": "2025-12-02T11:10:03.183133",
  "end_time": "2025-12-02T11:12:20.471594",
  "time_to_first_output_token": {
    "unit": "ms",
    "avg": 388.0216190575,
    "p1": 239.46788797999997,
    "p5": 241.90385659999998,
    "p10": 243.39418899999998,
    "p25": 247.9820615,
    "p50": 254.269083,
    "p75": 279.54579325,
    "p90": 354.6466693,
    "p95": 1500.5960415999994,
    "p99": 2816.7931705299993,
    "min": 233.08423299999998,
    "max": 3153.773099,
    "std": 479.6056798272826
  },
  "prefill_throughput": {
    "unit": "tokens/sec",
    "avg": 643.7580774000454,
    "p1": 58.13583779618338,
    "p5": 128.45609098324195,
    "p10": 278.70891642888876,
    "p25": 509.71902946136544,
    "p50": 666.7267412416,
    "p75": 833.9512096697586,
    "p90": 941.417388467241,
    "p95": 1004.9359483249019,
    "p99": 1062.4806127486215,
    "min": 23.614604080267043,
    "max": 1160.664822224838,
    "std": 245.50531050312594
  }
}