{
  "request_throughput": {
    "unit": "requests/sec",
    "avg": 13.424811584943384
  },
  "request_latency": {
    "unit": "ms",
    "avg": 12600.879504651999,
    "p1": 6355.932896449999,
    "p5": 8310.55336585,
    "p10": 9228.8266125,
    "p25": 10864.54402475,
    "p50": 12517.288671999999,
    "p75": 14367.009054749999,
    "p90": 16126.900483899999,
    "p95": 17048.0928802,
    "p99": 18571.738774669997,
    "min": 3904.689673,
    "max": 22253.181712999998,
    "std": 2680.9228009127905
  },
  "request_count": {
    "unit": "requests",
    "avg": 2000.0
  },
  "time_to_first_token": {
    "unit": "ms",
    "avg": 511.0629117215,
    "p1": 236.63337172999996,
    "p5": 240.97855219999997,
    "p10": 243.8751349,
    "p25": 249.47020725,
    "p50": 259.5402995,
    "p75": 302.038612,
    "p90": 560.1115093000012,
    "p95": 2474.7116912999995,
    "p99": 4657.878427309999,
    "min": 226.813616,
    "max": 5154.204575,
    "std": 844.8668041448962
  },
  "time_to_second_token": {
    "unit": "ms",
    "avg": 38.771399031,
    "p1": 0.01673622,
    "p5": 7.31822195,
    "p10": 21.973923900000003,
    "p25": 33.44382175,
    "p50": 37.993030499999996,
    "p75": 41.78080025,
    "p90": 47.1481852,
    "p95": 55.347959549999985,
    "p99": 140.67973787999978,
    "min": 0.010185,
    "max": 387.800667,
    "std": 26.62467589196575
  },
  "inter_token_latency": {
    "unit": "ms",
    "avg": 19.789754379706704,
    "p1": 15.182592821696803,
    "p5": 18.010391891659257,
    "p10": 18.834987178220555,
    "p25": 19.409977616987156,
    "p50": 19.87026735920108,
    "p75": 20.472398750663817,
    "p90": 20.849647294763614,
    "p95": 21.0812472155927,
    "p99": 21.44594817358303,
    "min": 10.331112519662922,
    "max": 21.996700871527775,
    "std": 1.0832268813947088
  },
  "output_token_throughput": {
    "unit": "tokens/sec",
    "avg": 8215.105364826537
  },
  "output_token_throughput_per_user": {
    "unit": "tokens/sec/user",
    "avg": 50.71213359701776,
    "p1": 46.628854835522304,
    "p5": 47.43552427908531,
    "p10": 47.962442043379326,
    "p25": 48.8462545212652,
    "p50": 50.326449305220905,
    "p75": 51.519895432946726,
    "p90": 53.09268423339503,
    "p95": 55.52350706746556,
    "p99": 65.8649038203421,
    "min": 45.46136285802686,
    "max": 96.79499648239504,
    "std": 3.3691103786387564
  },
  "output_sequence_length": {
    "unit": "tokens",
    "avg": 611.9345,
    "p1": 315.7300000000001,
    "p5": 414.10000000000014,
    "p10": 461.1,
    "p25": 529.0,
    "p50": 613.0,
    "p75": 698.75,
    "p90": 761.8000000000011,
    "p95": 811.3999999999996,
    "p99": 847.3099999999997,
    "min": 289.0,
    "max": 885.0,
    "std": 124.04205419836453
  },
  "input_sequence_length": {
    "unit": "tokens",
    "avg": 181.47,
    "p1": 66.98,
    "p5": 99.85000000000001,
    "p10": 119.80000000000001,
    "p25": 149.0,
    "p50": 183.5,
    "p75": 216.5,
    "p90": 251.0,
    "p95": 265.04999999999995,
    "p99": 276.0999999999999,
    "min": 65.0,
    "max": 286.0,
    "std": 49.67382711247443
  },
  "output_token_count": {
    "unit": "tokens",
    "avg": 611.9345,
    "p1": 315.7300000000001,
    "p5": 414.10000000000014,
    "p10": 461.1,
    "p25": 529.0,
    "p50": 613.0,
    "p75": 698.75,
    "p90": 761.8000000000011,
    "p95": 811.3999999999996,
    "p99": 847.3099999999997,
    "min": 289.0,
    "max": 885.0,
    "std": 124.04205419836453
  },
  "min_request_timestamp": {
    "unit": "ns",
    "avg": 1.7646656402574036e18
  },
  "max_response_timestamp": {
    "unit": "ns",
    "avg": 1.764665789235286e18
  },
  "inter_chunk_latency": {
    "unit": "ms",
    "avg": 19.779245535377818,
    "p1": 0.010223,
    "p5": 0.7520549999999999,
    "p10": 6.0607892,
    "p25": 15.820818,
    "p50": 19.322333,
    "p75": 22.208181,
    "p90": 26.345140600000008,
    "p95": 31.6914707,
    "p99": 64.80787240000002,
    "min": 0.005827,
    "max": 436.954345,
    "std": 17.182553503113386
  },
  "total_output_tokens": {
    "unit": "tokens",
    "avg": 1223869.0
  },
  "benchmark_duration": {
    "unit": "sec",
    "avg": 148.97788228500002
  },
  "total_isl": {
    "unit": "tokens",
    "avg": 362940.0
  },
  "total_osl": {
    "unit": "tokens",
    "avg": 1223869.0
  },
  "telemetry_data": {
    "summary": {
      "endpoints_configured": [],
      "endpoints_successful": [],
      "start_time": "2025-12-02T16:54:00.249255",
      "end_time": "2025-12-02T16:56:29.247486"
    },
    "endpoints": {}
  },
  "input_config": {
    "endpoint": {
      "model_names": [
        "Qwen/Qwen3-0.6B"
      ],
      "custom_endpoint": "/v1/chat/completions",
      "type": "chat",
      "streaming": true,
      "url": "http://localhost:8000"
    },
    "input": {
      "extra": [
        [
          "ignore_eos",
          true
        ],
        [
          "min_tokens",
          500
        ]
      ],
      "prompt": {
        "input_tokens": {
          "mean": 180,
          "stddev": 50.0
        },
        "output_tokens": {
          "mean": 600,
          "stddev": 120.0
        }
      }
    },
    "loadgen": {
      "concurrency": 192,
      "request_rate_mode": "concurrency_burst",
      "request_count": 2000,
      "warmup_request_count": 500
    },
    "cli_command": "aiperf profile --model \"Qwen/Qwen3-0.6B\" --url \"http://localhost:8000\" --endpoint-type \"chat\" --endpoint \"/v1/chat/completions\" --streaming --warmup-request-count 500 --extra-inputs \"ignore_eos:true\" --concurrency 192 --request-count 2000 --synthetic-input-tokens-mean 180 --synthetic-input-tokens-stddev 50 --output-tokens-mean 600 --output-tokens-stddev 120 --extra-inputs \"min_tokens:500\""
  },
  "was_cancelled": false,
  "error_summary": [],
  "start_time": "2025-12-02T16:54:00.249255",
  "end_time": "2025-12-02T16:56:29.247486",
  "time_to_first_output_token": {
    "unit": "ms",
    "avg": 511.0629117215,
    "p1": 236.63337172999996,
    "p5": 240.97855219999997,
    "p10": 243.8751349,
    "p25": 249.47020725,
    "p50": 259.5402995,
    "p75": 302.038612,
    "p90": 560.1115093000012,
    "p95": 2474.7116912999995,
    "p99": 4657.878427309999,
    "min": 226.813616,
    "max": 5154.204575,
    "std": 844.8668041448962
  },
  "prefill_throughput": {
    "unit": "tokens/sec",
    "avg": 615.6933119219381,
    "p1": 33.62878405166,
    "p5": 72.24645679998699,
    "p10": 256.0368929966432,
    "p25": 479.3078376526639,
    "p50": 637.2481120240948,
    "p75": 788.008075367684,
    "p90": 928.7355493507886,
    "p95": 1014.9989212830651,
    "p99": 1106.36263963349,
    "min": 13.996889904015674,
    "max": 1260.9472263781552,
    "std": 255.50245447787432
  }
}