{
  "request_throughput": {
    "unit": "requests/sec",
    "avg": 4.020831627690414
  },
  "request_latency": {
    "unit": "ms",
    "avg": 5265.912661061666,
    "p1": 3196.2021089,
    "p5": 3629.5914408999997,
    "p10": 4241.8669472,
    "p25": 4661.6335565,
    "p50": 5289.835536,
    "p75": 5800.112464,
    "p90": 6509.8043399,
    "p95": 6764.595408849999,
    "p99": 7254.48390397,
    "min": 3002.333497,
    "max": 7598.898792,
    "std": 896.6450841519356
  },
  "request_count": {
    "unit": "requests",
    "avg": 600.0
  },
  "time_to_first_token": {
    "unit": "ms",
    "avg": 358.3593912633333,
    "p1": 259.04541258,
    "p5": 275.32844885000003,
    "p10": 282.1083491,
    "p25": 299.39256875,
    "p50": 318.8898815,
    "p75": 357.1187035,
    "p90": 421.11170590000006,
    "p95": 508.3732313499984,
    "p99": 1062.3350196099984,
    "min": 246.172606,
    "max": 1237.1835449999999,
    "std": 145.51239854583463
  },
  "time_to_second_token": {
    "unit": "ms",
    "avg": 16.013370863333332,
    "p1": 0.14663461,
    "p5": 9.090012849999999,
    "p10": 12.3467818,
    "p25": 15.08035975,
    "p50": 16.119999,
    "p75": 17.01374075,
    "p90": 18.170333699999997,
    "p95": 19.98083169999999,
    "p99": 34.46627662999988,
    "min": 0.018432999999999998,
    "max": 88.073746,
    "std": 5.757005644867047
  },
  "inter_token_latency": {
    "unit": "ms",
    "avg": 7.946823804909162,
    "p1": 7.303616299839445,
    "p5": 7.601705996493561,
    "p10": 7.71046368144126,
    "p25": 7.826621158495851,
    "p50": 7.951109758333333,
    "p75": 8.092753492282316,
    "p90": 8.209238180529706,
    "p95": 8.270630857117684,
    "p99": 8.394262552790426,
    "min": 6.755643598991172,
    "max": 8.504959441707717,
    "std": 0.21652253087866272
  },
  "output_token_throughput": {
    "unit": "tokens/sec",
    "avg": 2485.899257977737
  },
  "output_token_throughput_per_user": {
    "unit": "tokens/sec/user",
    "avg": 125.93258261757961,
    "p1": 119.12898977016238,
    "p5": 120.90976125675633,
    "p10": 121.81398328620216,
    "p25": 123.5673376320681,
    "p50": 125.76860720217367,
    "p75": 127.76906247986717,
    "p90": 129.6938864742157,
    "p95": 131.54941854467702,
    "p99": 136.91848043642915,
    "min": 117.57845605895201,
    "max": 148.0243866253292,
    "std": 3.535916771247914
  },
  "output_sequence_length": {
    "unit": "tokens",
    "avg": 618.255,
    "p1": 366.82,
    "p5": 428.8500000000001,
    "p10": 500.70000000000016,
    "p25": 546.75,
    "p50": 622.0,
    "p75": 673.0,
    "p90": 782.0,
    "p95": 799.05,
    "p99": 852.1199999999999,
    "min": 348.0,
    "max": 868.0,
    "std": 109.70773282529662
  },
  "input_sequence_length": {
    "unit": "tokens",
    "avg": 175.155,
    "p1": 59.0,
    "p5": 102.95,
    "p10": 109.0,
    "p25": 135.0,
    "p50": 172.0,
    "p75": 210.5,
    "p90": 247.0,
    "p95": 256.5499999999995,
    "p99": 269.2999999999997,
    "min": 49.0,
    "max": 299.0,
    "std": 51.36361528358376
  },
  "output_token_count": {
    "unit": "tokens",
    "avg": 618.255,
    "p1": 366.82,
    "p5": 428.8500000000001,
    "p10": 500.70000000000016,
    "p25": 546.75,
    "p50": 622.0,
    "p75": 673.0,
    "p90": 782.0,
    "p95": 799.05,
    "p99": 852.1199999999999,
    "min": 348.0,
    "max": 868.0,
    "std": 109.70773282529662
  },
  "min_request_timestamp": {
    "unit": "ns",
    "avg": 1.7654276494696563e18
  },
  "max_response_timestamp": {
    "unit": "ns",
    "avg": 1.7654277986925174e18
  },
  "inter_chunk_latency": {
    "unit": "ms",
    "avg": 7.948055350685072,
    "p1": 0.014881,
    "p5": 1.6770488999999997,
    "p10": 5.653425899999999,
    "p25": 7.20568175,
    "p50": 7.896615499999999,
    "p75": 8.56127575,
    "p90": 9.5391331,
    "p95": 11.28803505,
    "p99": 18.349523709999985,
    "min": 0.005621,
    "max": 280.99127899999996,
    "std": 5.43958916467428
  },
  "total_output_tokens": {
    "unit": "tokens",
    "avg": 370953.0
  },
  "benchmark_duration": {
    "unit": "sec",
    "avg": 149.222861228
  },
  "total_isl": {
    "unit": "tokens",
    "avg": 105093.0
  },
  "total_osl": {
    "unit": "tokens",
    "avg": 370953.0
  },
  "telemetry_data": {
    "summary": {
      "endpoints_configured": [],
      "endpoints_successful": [],
      "start_time": "2025-12-11T12:34:09.466599",
      "end_time": "2025-12-11T12:36:38.703459"
    },
    "endpoints": {}
  },
  "input_config": {
    "endpoint": {
      "model_names": [
        "Qwen/Qwen3-0.6B"
      ],
      "custom_endpoint": "/v1/chat/completions",
      "type": "chat",
      "streaming": true,
      "url": "http://localhost:8000"
    },
    "input": {
      "extra": [
        [
          "ignore_eos",
          true
        ],
        [
          "min_tokens",
          500
        ]
      ],
      "prompt": {
        "input_tokens": {
          "mean": 180,
          "stddev": 50.0
        },
        "output_tokens": {
          "mean": 600,
          "stddev": 120.0
        }
      }
    },
    "loadgen": {
      "concurrency": 24,
      "request_rate_mode": "concurrency_burst",
      "request_count": 600,
      "warmup_request_count": 40
    },
    "cli_command": "aiperf profile --model \"Qwen/Qwen3-0.6B\" --url \"http://localhost:8000\" --endpoint-type \"chat\" --endpoint \"/v1/chat/completions\" --streaming --warmup-request-count 40 --extra-inputs \"ignore_eos:true\" --concurrency 24 --request-count 600 --synthetic-input-tokens-mean 180 --synthetic-input-tokens-stddev 50 --output-tokens-mean 600 --output-tokens-stddev 120 --extra-inputs \"min_tokens:500\""
  },
  "was_cancelled": false,
  "error_summary": [],
  "start_time": "2025-12-11T12:34:09.466599",
  "end_time": "2025-12-11T12:36:38.703459",
  "time_to_first_output_token": {
    "unit": "ms",
    "avg": 358.3593912633333,
    "p1": 259.04541258,
    "p5": 275.32844885000003,
    "p10": 282.1083491,
    "p25": 299.39256875,
    "p50": 318.8898815,
    "p75": 357.1187035,
    "p90": 421.11170590000006,
    "p95": 508.3732313499984,
    "p99": 1062.3350196099984,
    "min": 246.172606,
    "max": 1237.1835449999999,
    "std": 145.51239854583463
  },
  "prefill_throughput": {
    "unit": "tokens/sec",
    "avg": 514.96776355378,
    "p1": 123.08705034196407,
    "p5": 216.3935187738735,
    "p10": 317.2254711383395,
    "p25": 417.13860519727706,
    "p50": 528.2071408071316,
    "p75": 629.8428272868316,
    "p90": 689.7891159890235,
    "p95": 743.9473577233919,
    "p99": 790.2685806916825,
    "min": 84.26295124436909,
    "max": 840.3615382611662,
    "std": 150.32364913837543
  }
}