{
  "request_throughput": {
    "unit": "requests/sec",
    "avg": 39.50317335516498
  },
  "request_latency": {
    "unit": "ms",
    "avg": 4423.5574525884995,
    "p1": 2180.6576273,
    "p5": 2771.01398515,
    "p10": 3054.9124519,
    "p25": 3660.216563,
    "p50": 4389.844852,
    "p75": 5120.78601625,
    "p90": 5890.1686077,
    "p95": 6279.20201645,
    "p99": 6888.28286736,
    "min": 1360.375527,
    "max": 7884.452241,
    "std": 1065.2884605444806
  },
  "request_count": {
    "unit": "requests",
    "avg": 2000.0
  },
  "time_to_first_token": {
    "unit": "ms",
    "avg": 346.54279499449996,
    "p1": 242.75786397999997,
    "p5": 247.31182495,
    "p10": 250.019576,
    "p25": 255.85285524999998,
    "p50": 264.3406615,
    "p75": 273.756038,
    "p90": 484.1445454000012,
    "p95": 1183.98444145,
    "p99": 1338.0040567,
    "min": 217.20636299999998,
    "max": 1387.27943,
    "std": 255.34815227057626
  },
  "time_to_second_token": {
    "unit": "ms",
    "avg": 25.420705596,
    "p1": 0.01811391,
    "p5": 10.34732915,
    "p10": 17.542201399999996,
    "p25": 22.47319675,
    "p50": 25.437455999999997,
    "p75": 27.876869749999997,
    "p90": 31.333764199999997,
    "p95": 35.20566125,
    "p99": 60.26179012999999,
    "min": 0.008801,
    "max": 286.08450999999997,
    "std": 12.195283914954102
  },
  "inter_token_latency": {
    "unit": "ms",
    "avg": 25.54317803989133,
    "p1": 17.206429199429735,
    "p5": 22.471967330897698,
    "p10": 23.742597257746848,
    "p25": 24.762226608498885,
    "p50": 25.791778070752688,
    "p75": 26.800048824358488,
    "p90": 27.409126677777778,
    "p95": 27.711983750236943,
    "p99": 28.260006180980653,
    "min": 10.298821297297296,
    "max": 29.548395280487803,
    "std": 1.9208018305252588
  },
  "output_token_throughput": {
    "unit": "tokens/sec",
    "avg": 6351.063441416618
  },
  "output_token_throughput_per_user": {
    "unit": "tokens/sec/user",
    "avg": 39.433216761595034,
    "p1": 35.385696437731994,
    "p5": 36.085471510016504,
    "p10": 36.484197848096784,
    "p25": 37.31336540658843,
    "p50": 38.77204577950349,
    "p75": 40.3840907208222,
    "p90": 42.118391262066986,
    "p95": 44.499888229027604,
    "p99": 58.117934352720475,
    "min": 33.84278538673628,
    "max": 97.0984903158217,
    "std": 3.9048410159082194
  },
  "output_sequence_length": {
    "unit": "tokens",
    "avg": 160.7735,
    "p1": 82.82000000000004,
    "p5": 100.80000000000001,
    "p10": 110.60000000000002,
    "p25": 134.0,
    "p50": 160.0,
    "p75": 186.0,
    "p90": 209.3000000000004,
    "p95": 226.24999999999977,
    "p99": 246.04999999999995,
    "min": 65.0,
    "max": 251.0,
    "std": 38.74107894406143
  },
  "input_sequence_length": {
    "unit": "tokens",
    "avg": 889.99,
    "p1": 517.2400000000001,
    "p5": 559.1500000000001,
    "p10": 605.8000000000001,
    "p25": 775.0,
    "p50": 890.5,
    "p75": 1025.75,
    "p90": 1137.2000000000003,
    "p95": 1195.099999999999,
    "p99": 1243.12,
    "min": 442.0,
    "max": 1255.0,
    "std": 188.37916524923878
  },
  "output_token_count": {
    "unit": "tokens",
    "avg": 160.7735,
    "p1": 82.82000000000004,
    "p5": 100.80000000000001,
    "p10": 110.60000000000002,
    "p25": 134.0,
    "p50": 160.0,
    "p75": 186.0,
    "p90": 209.3000000000004,
    "p95": 226.24999999999977,
    "p99": 246.04999999999995,
    "min": 65.0,
    "max": 251.0,
    "std": 38.74107894406143
  },
  "min_request_timestamp": {
    "unit": "ns",
    "avg": 1.7646634558830966e18
  },
  "max_response_timestamp": {
    "unit": "ns",
    "avg": 1.7646635065119404e18
  },
  "inter_chunk_latency": {
    "unit": "ms",
    "avg": 25.51482982410664,
    "p1": 0.01823979,
    "p5": 11.355275950000001,
    "p10": 17.851844200000002,
    "p25": 22.671561,
    "p50": 25.5167115,
    "p75": 28.052636749999998,
    "p90": 31.27360880000002,
    "p95": 34.6108833,
    "p99": 58.96113573000009,
    "min": 0.0063869999999999994,
    "max": 304.395716,
    "std": 12.223611711387932
  },
  "total_output_tokens": {
    "unit": "tokens",
    "avg": 321547.0
  },
  "benchmark_duration": {
    "unit": "sec",
    "avg": 50.628843967
  },
  "total_isl": {
    "unit": "tokens",
    "avg": 1779980.0
  },
  "total_osl": {
    "unit": "tokens",
    "avg": 321547.0
  },
  "telemetry_data": {
    "summary": {
      "endpoints_configured": [],
      "endpoints_successful": [],
      "start_time": "2025-12-02T16:17:35.873511",
      "end_time": "2025-12-02T16:18:29.440322"
    },
    "endpoints": {}
  },
  "input_config": {
    "endpoint": {
      "model_names": [
        "Qwen/Qwen3-0.6B"
      ],
      "custom_endpoint": "/v1/chat/completions",
      "type": "chat",
      "streaming": true,
      "url": "http://localhost:8000"
    },
    "input": {
      "extra": [
        [
          "ignore_eos",
          true
        ],
        [
          "min_tokens",
          160
        ]
      ],
      "prompt": {
        "input_tokens": {
          "mean": 900,
          "stddev": 200.0
        },
        "output_tokens": {
          "mean": 160,
          "stddev": 40.0
        }
      }
    },
    "loadgen": {
      "concurrency": 192,
      "request_rate_mode": "concurrency_burst",
      "request_count": 2000,
      "warmup_request_count": 500
    },
    "cli_command": "aiperf profile --model \"Qwen/Qwen3-0.6B\" --url \"http://localhost:8000\" --endpoint-type \"chat\" --endpoint \"/v1/chat/completions\" --streaming --warmup-request-count 500 --extra-inputs \"ignore_eos:true\" --concurrency 192 --request-count 2000 --synthetic-input-tokens-mean 900 --synthetic-input-tokens-stddev 200 --output-tokens-mean 160 --output-tokens-stddev 40 --extra-inputs \"min_tokens:160\""
  },
  "was_cancelled": false,
  "error_summary": [],
  "start_time": "2025-12-02T16:17:35.873511",
  "end_time": "2025-12-02T16:18:29.440322",
  "time_to_first_output_token": {
    "unit": "ms",
    "avg": 346.54279499449996,
    "p1": 242.75786397999997,
    "p5": 247.31182495,
    "p10": 250.019576,
    "p25": 255.85285524999998,
    "p50": 264.3406615,
    "p75": 273.756038,
    "p90": 484.1445454000012,
    "p95": 1183.98444145,
    "p99": 1338.0040567,
    "min": 217.20636299999998,
    "max": 1387.27943,
    "std": 255.34815227057626
  },
  "prefill_throughput": {
    "unit": "tokens/sec",
    "avg": 3117.8554085663195,
    "p1": 563.8498042684178,
    "p5": 803.7415000417836,
    "p10": 1655.8359690368763,
    "p25": 2610.5454086089658,
    "p50": 3256.0879769313483,
    "p75": 3839.2305832910083,
    "p90": 4308.041188235956,
    "p95": 4514.305886523337,
    "p99": 4848.524851668669,
    "min": 347.27266018239203,
    "max": 5250.250910962208,
    "std": 1027.763546005954
  }
}