{
  "request_throughput": {
    "unit": "requests/sec",
    "avg": 11.050495716249172
  },
  "request_latency": {
    "unit": "ms",
    "avg": 7806.497858345833,
    "p1": 2675.52269589,
    "p5": 4216.45866595,
    "p10": 5229.128611499999,
    "p25": 6256.401855749999,
    "p50": 7724.182637,
    "p75": 9306.927888999999,
    "p90": 10609.162508500003,
    "p95": 11366.02192005,
    "p99": 12886.927670219999,
    "min": 934.966635,
    "max": 14169.950601999999,
    "std": 2120.27800020842
  },
  "request_count": {
    "unit": "requests",
    "avg": 1200.0
  },
  "time_to_first_token": {
    "unit": "ms",
    "avg": 384.28974429333334,
    "p1": 273.24845809,
    "p5": 279.33487039999994,
    "p10": 296.2111467,
    "p25": 306.7478245,
    "p50": 313.532439,
    "p75": 321.36327825,
    "p90": 488.7977888000008,
    "p95": 1006.3310727499987,
    "p99": 1507.5793449999999,
    "min": 269.667096,
    "max": 1631.253238,
    "std": 238.7962022875476
  },
  "time_to_second_token": {
    "unit": "ms",
    "avg": 88.37914873583333,
    "p1": 1.56111125,
    "p5": 34.8035904,
    "p10": 68.08375209999998,
    "p25": 86.24827225,
    "p50": 90.3595115,
    "p75": 93.48963499999999,
    "p90": 97.69392099999999,
    "p95": 103.27718025,
    "p99": 279.69444396999995,
    "min": 0.018909,
    "max": 398.736151,
    "std": 33.89663494066805
  },
  "inter_token_latency": {
    "unit": "ms",
    "avg": 45.525807476809625,
    "p1": 27.731053080624996,
    "p5": 41.79232204910561,
    "p10": 44.94032522287943,
    "p25": 45.833174559827306,
    "p50": 46.15720924033816,
    "p75": 46.380248766454685,
    "p90": 46.67068472149533,
    "p95": 46.91596233031692,
    "p99": 47.944766002893004,
    "min": 8.870042613333332,
    "max": 49.116294437499995,
    "std": 2.999909172221133
  },
  "output_token_throughput": {
    "unit": "tokens/sec",
    "avg": 1814.8505377188922
  },
  "output_token_throughput_per_user": {
    "unit": "tokens/sec/user",
    "avg": 22.157090594704368,
    "p1": 20.857334208737743,
    "p5": 21.314707211702594,
    "p10": 21.426726570637996,
    "p25": 21.56090203473147,
    "p50": 21.66508800017657,
    "p75": 21.818257400053525,
    "p90": 22.251730936672434,
    "p95": 23.927844654030523,
    "p99": 36.06114589523752,
    "min": 20.35984211456526,
    "max": 112.73902996777184,
    "std": 3.3924041680288366
  },
  "output_sequence_length": {
    "unit": "tokens",
    "avg": 164.2325,
    "p1": 61.870000000000005,
    "p5": 85.95,
    "p10": 107.9,
    "p25": 132.75,
    "p50": 163.5,
    "p75": 196.75,
    "p90": 223.20000000000027,
    "p95": 241.04999999999995,
    "p99": 266.0999999999999,
    "min": 49.0,
    "max": 276.0,
    "std": 45.599270210717194
  },
  "input_sequence_length": {
    "unit": "tokens",
    "avg": 872.09,
    "p1": 464.75,
    "p5": 561.5000000000001,
    "p10": 663.8,
    "p25": 752.0,
    "p50": 871.5,
    "p75": 991.75,
    "p90": 1086.4000000000033,
    "p95": 1172.1499999999999,
    "p99": 1397.01,
    "min": 440.0,
    "max": 1398.0,
    "std": 184.4288532198799
  },
  "output_token_count": {
    "unit": "tokens",
    "avg": 164.2325,
    "p1": 61.870000000000005,
    "p5": 85.95,
    "p10": 107.9,
    "p25": 132.75,
    "p50": 163.5,
    "p75": 196.75,
    "p90": 223.20000000000027,
    "p95": 241.04999999999995,
    "p99": 266.0999999999999,
    "min": 49.0,
    "max": 276.0,
    "std": 45.599270210717194
  },
  "min_request_timestamp": {
    "unit": "ns",
    "avg": 1.7646472212337969e18
  },
  "max_response_timestamp": {
    "unit": "ns",
    "avg": 1.7646473298262103e18
  },
  "inter_chunk_latency": {
    "unit": "ms",
    "avg": 45.462502229894035,
    "p1": 0.023139200000000002,
    "p5": 20.007703850000006,
    "p10": 35.372086800000005,
    "p25": 42.838109499999995,
    "p50": 45.7026135,
    "p75": 48.30177725,
    "p90": 51.7597768,
    "p95": 56.70915019999998,
    "p99": 91.61164154999989,
    "min": 0.007333999999999999,
    "max": 398.736151,
    "std": 21.189902763083172
  },
  "total_output_tokens": {
    "unit": "tokens",
    "avg": 197079.0
  },
  "benchmark_duration": {
    "unit": "sec",
    "avg": 108.59241348200001
  },
  "total_isl": {
    "unit": "tokens",
    "avg": 1046508.0
  },
  "total_osl": {
    "unit": "tokens",
    "avg": 197079.0
  },
  "telemetry_data": {
    "summary": {
      "endpoints_configured": [],
      "endpoints_successful": [],
      "start_time": "2025-12-02T11:47:01.229630",
      "end_time": "2025-12-02T11:48:50.047141"
    },
    "endpoints": {}
  },
  "input_config": {
    "endpoint": {
      "model_names": [
        "Qwen/Qwen3-0.6B"
      ],
      "custom_endpoint": "/v1/chat/completions",
      "type": "chat",
      "streaming": true,
      "url": "http://localhost:8000"
    },
    "input": {
      "extra": [
        [
          "ignore_eos",
          true
        ],
        [
          "min_tokens",
          160
        ]
      ],
      "prompt": {
        "input_tokens": {
          "mean": 900,
          "stddev": 200.0
        },
        "output_tokens": {
          "mean": 160,
          "stddev": 40.0
        }
      }
    },
    "loadgen": {
      "concurrency": 96,
      "request_rate_mode": "concurrency_burst",
      "request_count": 1200,
      "warmup_request_count": 200
    },
    "cli_command": "aiperf profile --model \"Qwen/Qwen3-0.6B\" --url \"http://localhost:8000\" --endpoint-type \"chat\" --endpoint \"/v1/chat/completions\" --streaming --warmup-request-count 200 --extra-inputs \"ignore_eos:true\" --concurrency 96 --request-count 1200 --synthetic-input-tokens-mean 900 --synthetic-input-tokens-stddev 200 --output-tokens-mean 160 --output-tokens-stddev 40 --extra-inputs \"min_tokens:160\""
  },
  "was_cancelled": false,
  "error_summary": [],
  "start_time": "2025-12-02T11:47:01.229630",
  "end_time": "2025-12-02T11:48:50.047141",
  "time_to_first_output_token": {
    "unit": "ms",
    "avg": 384.28974429333334,
    "p1": 273.24845809,
    "p5": 279.33487039999994,
    "p10": 296.2111467,
    "p25": 306.7478245,
    "p50": 313.532439,
    "p75": 321.36327825,
    "p90": 488.7977888000008,
    "p95": 1006.3310727499987,
    "p99": 1507.5793449999999,
    "min": 269.667096,
    "max": 1631.253238,
    "std": 238.7962022875476
  },
  "prefill_throughput": {
    "unit": "tokens/sec",
    "avg": 2606.7302389555657,
    "p1": 545.3222581094731,
    "p5": 869.4710270995083,
    "p10": 1477.7394894386,
    "p25": 2237.291450546768,
    "p50": 2674.2090474704896,
    "p75": 3133.0721448318272,
    "p90": 3488.1627978084794,
    "p95": 3734.5747118907557,
    "p99": 4422.563713899992,
    "min": 315.33090729906195,
    "max": 5048.2762176971255,
    "std": 799.9786608686485
  }
}