{
  "request_throughput": {
    "unit": "requests/sec",
    "avg": 4.957734425472891
  },
  "request_latency": {
    "unit": "ms",
    "avg": 4257.606974758333,
    "p1": 2775.55243217,
    "p5": 2976.0221085,
    "p10": 3259.9091425999995,
    "p25": 3683.517762,
    "p50": 4224.824899499999,
    "p75": 4869.35806425,
    "p90": 5260.8305622,
    "p95": 5436.531125199999,
    "p99": 6355.54376317,
    "min": 2661.106301,
    "max": 6607.291314,
    "std": 777.9399385729529
  },
  "request_count": {
    "unit": "requests",
    "avg": 600.0
  },
  "time_to_first_token": {
    "unit": "ms",
    "avg": 228.493480895,
    "p1": 208.49230941,
    "p5": 209.3133323,
    "p10": 209.7427189,
    "p25": 211.2291765,
    "p50": 213.4880345,
    "p75": 217.00965449999998,
    "p90": 243.0320662,
    "p95": 287.61250434999835,
    "p99": 432.18644479999864,
    "min": 207.777324,
    "max": 589.019354,
    "std": 54.158324168049376
  },
  "time_to_second_token": {
    "unit": "ms",
    "avg": 7.0920571233333325,
    "p1": 0.01130104,
    "p5": 0.020220500000000002,
    "p10": 0.17002260000000002,
    "p25": 5.48615575,
    "p50": 6.379948,
    "p75": 7.051707749999999,
    "p90": 8.237598,
    "p95": 11.514543349999977,
    "p99": 29.440905029999975,
    "min": 0.009139999999999999,
    "max": 240.74125999999998,
    "std": 14.24596430202088
  },
  "inter_token_latency": {
    "unit": "ms",
    "avg": 6.610032521449971,
    "p1": 6.271899601846238,
    "p5": 6.354178424766558,
    "p10": 6.405306379699806,
    "p25": 6.502676759648666,
    "p50": 6.605611818811228,
    "p75": 6.712061541527795,
    "p90": 6.8132473725677425,
    "p95": 6.887197080243364,
    "p99": 7.000828773217291,
    "min": 5.96225623263328,
    "max": 7.15580114229249,
    "std": 0.16381739997632933
  },
  "output_token_throughput": {
    "unit": "tokens/sec",
    "avg": 3024.573303838956
  },
  "output_token_throughput_per_user": {
    "unit": "tokens/sec/user",
    "avg": 151.37823839005887,
    "p1": 142.84023137201297,
    "p5": 145.19694853779228,
    "p10": 146.772891825317,
    "p25": 148.98552344012816,
    "p50": 151.38643141540172,
    "p75": 153.7828392053338,
    "p90": 156.12055747929944,
    "p95": 157.3767582377507,
    "p99": 159.44132781396462,
    "min": 139.74675652873606,
    "max": 167.72174173372312,
    "std": 3.757635102104424
  },
  "output_sequence_length": {
    "unit": "tokens",
    "avg": 610.0716666666667,
    "p1": 392.0,
    "p5": 427.1,
    "p10": 465.0,
    "p25": 526.0,
    "p50": 608.0,
    "p75": 708.0,
    "p90": 753.0,
    "p95": 778.0,
    "p99": 934.0,
    "min": 389.0,
    "max": 934.0,
    "std": 113.49488915316358
  },
  "input_sequence_length": {
    "unit": "tokens",
    "avg": 181.83166666666668,
    "p1": 86.92,
    "p5": 102.0,
    "p10": 116.0,
    "p25": 146.75,
    "p50": 175.0,
    "p75": 213.0,
    "p90": 248.20000000000005,
    "p95": 265.1999999999998,
    "p99": 295.0799999999999,
    "min": 79.0,
    "max": 303.0,
    "std": 49.960350918392166
  },
  "output_token_count": {
    "unit": "tokens",
    "avg": 610.0716666666667,
    "p1": 392.0,
    "p5": 427.1,
    "p10": 465.0,
    "p25": 526.0,
    "p50": 608.0,
    "p75": 708.0,
    "p90": 753.0,
    "p95": 778.0,
    "p99": 934.0,
    "min": 389.0,
    "max": 934.0,
    "std": 113.49488915316358
  },
  "min_request_timestamp": {
    "unit": "ns",
    "avg": 1.7645783365209974e18
  },
  "max_response_timestamp": {
    "unit": "ns",
    "avg": 1.764578457544019e18
  },
  "inter_chunk_latency": {
    "unit": "ms",
    "avg": 6.612023227360872,
    "p1": 0.011632159999999999,
    "p5": 0.04117939999999999,
    "p10": 1.0183881999999995,
    "p25": 5.640836,
    "p50": 6.48382,
    "p75": 7.151739999999999,
    "p90": 8.5012874,
    "p95": 11.172310999999999,
    "p99": 26.449437120000216,
    "min": 0.005660999999999999,
    "max": 264.196785,
    "std": 6.741087478162705
  },
  "total_output_tokens": {
    "unit": "tokens",
    "avg": 366043.0
  },
  "benchmark_duration": {
    "unit": "sec",
    "avg": 121.02302150700001
  },
  "total_isl": {
    "unit": "tokens",
    "avg": 109099.0
  },
  "total_osl": {
    "unit": "tokens",
    "avg": 366043.0
  },
  "telemetry_data": {
    "summary": {
      "endpoints_configured": [],
      "endpoints_successful": [],
      "start_time": "2025-12-01T16:38:56.518438",
      "end_time": "2025-12-01T16:40:57.550867"
    },
    "endpoints": {}
  },
  "input_config": {
    "endpoint": {
      "model_names": [
        "Qwen/Qwen3-0.6B"
      ],
      "custom_endpoint": "/v1/chat/completions",
      "type": "chat",
      "streaming": true,
      "url": "http://localhost:8000"
    },
    "input": {
      "extra": [
        [
          "ignore_eos",
          true
        ],
        [
          "min_tokens",
          500
        ]
      ],
      "prompt": {
        "input_tokens": {
          "mean": 180,
          "stddev": 50.0
        },
        "output_tokens": {
          "mean": 600,
          "stddev": 120.0
        }
      }
    },
    "loadgen": {
      "concurrency": 24,
      "request_rate_mode": "concurrency_burst",
      "request_count": 600,
      "warmup_request_count": 40
    },
    "cli_command": "aiperf profile --model \"Qwen/Qwen3-0.6B\" --url \"http://localhost:8000\" --endpoint-type \"chat\" --endpoint \"/v1/chat/completions\" --streaming --warmup-request-count 40 --extra-inputs \"ignore_eos:true\" --concurrency 24 --request-count 600 --synthetic-input-tokens-mean 180 --synthetic-input-tokens-stddev 50 --output-tokens-mean 600 --output-tokens-stddev 120 --extra-inputs \"min_tokens:500\""
  },
  "was_cancelled": false,
  "error_summary": [],
  "start_time": "2025-12-01T16:38:56.518438",
  "end_time": "2025-12-01T16:40:57.550867",
  "time_to_first_output_token": {
    "unit": "ms",
    "avg": 228.493480895,
    "p1": 208.49230941,
    "p5": 209.3133323,
    "p10": 209.7427189,
    "p25": 211.2291765,
    "p50": 213.4880345,
    "p75": 217.00965449999998,
    "p90": 243.0320662,
    "p95": 287.61250434999835,
    "p99": 432.18644479999864,
    "min": 207.777324,
    "max": 589.019354,
    "std": 54.158324168049376
  },
  "prefill_throughput": {
    "unit": "tokens/sec",
    "avg": 817.4720578438809,
    "p1": 325.3664788106267,
    "p5": 426.2295553514679,
    "p10": 483.0832039332102,
    "p25": 653.9525519223754,
    "p50": 801.9629053362879,
    "p75": 979.3063290612287,
    "p90": 1155.5997333469495,
    "p95": 1231.9684603385797,
    "p99": 1382.043606630221,
    "min": 212.45767472603552,
    "max": 1443.6577542002578,
    "std": 243.21681589682163
  }
}