{
  "request_throughput": {
    "unit": "requests/sec",
    "avg": 1.3158579340413687
  },
  "request_latency": {
    "unit": "ms",
    "avg": 16406.91992864667,
    "p1": 9826.81739803,
    "p5": 11288.116552649999,
    "p10": 12263.092787200001,
    "p25": 14181.66470025,
    "p50": 16221.023978,
    "p75": 19137.78860775,
    "p90": 20776.888547000002,
    "p95": 22161.83462205,
    "p99": 22926.36637148,
    "min": 9430.456560999999,
    "max": 23362.415063,
    "std": 3275.7917574655
  },
  "request_count": {
    "unit": "requests",
    "avg": 600.0
  },
  "time_to_first_token": {
    "unit": "ms",
    "avg": 259.06894447166667,
    "p1": 226.98282115,
    "p5": 229.73310934999998,
    "p10": 231.50899719999998,
    "p25": 235.7236475,
    "p50": 243.79522599999999,
    "p75": 253.31324149999998,
    "p90": 263.4188163,
    "p95": 448.96753714999977,
    "p99": 512.2582857599988,
    "min": 225.402799,
    "max": 675.133912,
    "std": 61.83238714226243
  },
  "time_to_second_token": {
    "unit": "ms",
    "avg": 27.420402605,
    "p1": 0.03178826,
    "p5": 21.34657845,
    "p10": 24.9332337,
    "p25": 26.249685,
    "p50": 27.1260025,
    "p75": 28.003297749999998,
    "p90": 29.2293208,
    "p95": 32.677941999999994,
    "p99": 60.019442839999996,
    "min": 0.011375999999999999,
    "max": 274.322811,
    "std": 12.082204620585836
  },
  "inter_token_latency": {
    "unit": "ms",
    "avg": 27.08535783969661,
    "p1": 26.576091400301927,
    "p5": 26.795603935968302,
    "p10": 26.848738971106247,
    "p25": 26.963520626659328,
    "p50": 27.09018632351721,
    "p75": 27.202234070771848,
    "p90": 27.31506174077166,
    "p95": 27.401704941806365,
    "p99": 27.666420527935486,
    "min": 26.086172289693593,
    "max": 28.056127367945823,
    "std": 0.20208121954389435
  },
  "output_token_throughput": {
    "unit": "tokens/sec",
    "avg": 785.676841450534
  },
  "output_token_throughput_per_user": {
    "unit": "tokens/sec/user",
    "avg": 36.92237267339272,
    "p1": 36.14489988018539,
    "p5": 36.49407956856107,
    "p10": 36.609838538544565,
    "p25": 36.761686467646776,
    "p50": 36.91373651179178,
    "p75": 37.08714503748537,
    "p90": 37.245697135879595,
    "p95": 37.3195544459426,
    "p99": 37.627806243832325,
    "min": 35.64283790436814,
    "max": 38.334485753400116,
    "std": 0.2755493227016535
  },
  "output_sequence_length": {
    "unit": "tokens",
    "avg": 597.0833333333334,
    "p1": 358.85,
    "p5": 406.0,
    "p10": 445.0,
    "p25": 515.0,
    "p50": 590.0,
    "p75": 694.5,
    "p90": 762.0,
    "p95": 808.05,
    "p99": 832.0699999999999,
    "min": 344.0,
    "max": 840.0,
    "std": 120.31490509861564
  },
  "input_sequence_length": {
    "unit": "tokens",
    "avg": 177.25333333333333,
    "p1": 80.57000000000001,
    "p5": 103.0,
    "p10": 119.0,
    "p25": 141.0,
    "p50": 176.0,
    "p75": 202.0,
    "p90": 242.0,
    "p95": 267.0,
    "p99": 280.4299999999996,
    "min": 38.0,
    "max": 323.0,
    "std": 48.965591547080855
  },
  "output_token_count": {
    "unit": "tokens",
    "avg": 597.0833333333334,
    "p1": 358.85,
    "p5": 406.0,
    "p10": 445.0,
    "p25": 515.0,
    "p50": 590.0,
    "p75": 694.5,
    "p90": 762.0,
    "p95": 808.05,
    "p99": 832.0699999999999,
    "min": 344.0,
    "max": 840.0,
    "std": 120.31490509861564
  },
  "min_request_timestamp": {
    "unit": "ns",
    "avg": 1.7654412413459187e18
  },
  "max_response_timestamp": {
    "unit": "ns",
    "avg": 1.7654416973221942e18
  },
  "inter_chunk_latency": {
    "unit": "ms",
    "avg": 27.146925574196057,
    "p1": 0.01963796,
    "p5": 17.8838501,
    "p10": 23.886055199999998,
    "p25": 26.2006235,
    "p50": 27.054025,
    "p75": 27.866932,
    "p90": 29.324880200000003,
    "p95": 31.923860999999995,
    "p99": 51.613091420000075,
    "min": 0.00568,
    "max": 313.805793,
    "std": 14.81257167393221
  },
  "total_output_tokens": {
    "unit": "tokens",
    "avg": 358250.0
  },
  "benchmark_duration": {
    "unit": "sec",
    "avg": 455.97627561300004
  },
  "total_isl": {
    "unit": "tokens",
    "avg": 106352.0
  },
  "total_osl": {
    "unit": "tokens",
    "avg": 358250.0
  },
  "telemetry_data": {
    "summary": {
      "endpoints_configured": [],
      "endpoints_successful": [],
      "start_time": "2025-12-11T16:20:41.344070",
      "end_time": "2025-12-11T16:28:20.257703"
    },
    "endpoints": {}
  },
  "input_config": {
    "endpoint": {
      "model_names": [
        "Qwen/Qwen3-0.6B"
      ],
      "custom_endpoint": "/v1/chat/completions",
      "type": "chat",
      "streaming": true,
      "url": "http://localhost:8000"
    },
    "input": {
      "extra": [
        [
          "ignore_eos",
          true
        ],
        [
          "min_tokens",
          500
        ]
      ],
      "prompt": {
        "input_tokens": {
          "mean": 180,
          "stddev": 50.0
        },
        "output_tokens": {
          "mean": 600,
          "stddev": 120.0
        }
      }
    },
    "loadgen": {
      "concurrency": 24,
      "request_rate_mode": "concurrency_burst",
      "request_count": 600,
      "warmup_request_count": 40
    },
    "cli_command": "aiperf profile --model \"Qwen/Qwen3-0.6B\" --url \"http://localhost:8000\" --endpoint-type \"chat\" --endpoint \"/v1/chat/completions\" --streaming --warmup-request-count 40 --extra-inputs \"ignore_eos:true\" --concurrency 24 --request-count 600 --synthetic-input-tokens-mean 180 --synthetic-input-tokens-stddev 50 --output-tokens-mean 600 --output-tokens-stddev 120 --extra-inputs \"min_tokens:500\""
  },
  "was_cancelled": false,
  "error_summary": [],
  "start_time": "2025-12-11T16:20:41.344070",
  "end_time": "2025-12-11T16:28:20.257703",
  "time_to_first_output_token": {
    "unit": "ms",
    "avg": 259.06894447166667,
    "p1": 226.98282115,
    "p5": 229.73310934999998,
    "p10": 231.50899719999998,
    "p25": 235.7236475,
    "p50": 243.79522599999999,
    "p75": 253.31324149999998,
    "p90": 263.4188163,
    "p95": 448.96753714999977,
    "p99": 512.2582857599988,
    "min": 225.402799,
    "max": 675.133912,
    "std": 61.83238714226243
  },
  "prefill_throughput": {
    "unit": "tokens/sec",
    "avg": 704.4648051396922,
    "p1": 192.52296287356927,
    "p5": 356.83766116769453,
    "p10": 433.3164187478586,
    "p25": 541.6301638599496,
    "p50": 707.5370682000646,
    "p75": 831.9172635776699,
    "p90": 995.6848025336468,
    "p95": 1087.4787488387674,
    "p99": 1224.1754914841326,
    "min": 151.1862442734132,
    "max": 1394.3316206408374,
    "std": 216.77776472568064
  }
}