{
  "request_throughput": {
    "unit": "requests/sec",
    "avg": 15.596420219870618
  },
  "request_latency": {
    "unit": "ms",
    "avg": 10669.821822090998,
    "p1": 6161.503515479999,
    "p5": 7358.28255045,
    "p10": 7970.393003499999,
    "p25": 9428.5237365,
    "p50": 10740.5297085,
    "p75": 11756.101363,
    "p90": 13319.3694059,
    "p95": 14090.4392615,
    "p99": 14898.65324622,
    "min": 5800.476391,
    "max": 15718.23591,
    "std": 1933.6758578430822
  },
  "request_count": {
    "unit": "requests",
    "avg": 2000.0
  },
  "time_to_first_token": {
    "unit": "ms",
    "avg": 316.258618984,
    "p1": 239.75976656,
    "p5": 242.84797484999999,
    "p10": 244.7420053,
    "p25": 248.58281574999998,
    "p50": 254.670782,
    "p75": 264.87490099999997,
    "p90": 479.8607848000006,
    "p95": 830.7354321,
    "p99": 1017.55167362,
    "min": 236.53656099999998,
    "max": 1034.733909,
    "std": 175.2776279780202
  },
  "time_to_second_token": {
    "unit": "ms",
    "avg": 16.8451057415,
    "p1": 0.01789808,
    "p5": 0.08537315000000001,
    "p10": 4.3000926,
    "p25": 13.8074775,
    "p50": 16.9266535,
    "p75": 19.24901325,
    "p90": 22.940318400000002,
    "p95": 27.827493949999994,
    "p99": 59.22135222999997,
    "min": 0.008719,
    "max": 311.606144,
    "std": 13.119829602655031
  },
  "inter_token_latency": {
    "unit": "ms",
    "avg": 17.261992606681645,
    "p1": 14.268078046177811,
    "p5": 16.70050304894737,
    "p10": 16.992028808113826,
    "p25": 17.124401286530464,
    "p50": 17.319562764035087,
    "p75": 17.50569038268954,
    "p90": 17.71285266895046,
    "p95": 17.807247237926813,
    "p99": 18.103412637849473,
    "min": 11.951750968674698,
    "max": 18.56193600597015,
    "std": 0.5668617935243112
  },
  "output_token_throughput": {
    "unit": "tokens/sec",
    "avg": 9372.848089963776
  },
  "output_token_throughput_per_user": {
    "unit": "tokens/sec/user",
    "avg": 58.0045830519514,
    "p1": 55.23820410942355,
    "p5": 56.15691109716699,
    "p10": 56.456180085103206,
    "p25": 57.12428238094734,
    "p50": 57.738178132655335,
    "p75": 58.39620219520148,
    "p90": 58.85112434064542,
    "p95": 59.87843582656771,
    "p99": 70.08661939084259,
    "min": 53.8736907442395,
    "max": 83.66974869380897,
    "std": 2.264933469400797
  },
  "output_sequence_length": {
    "unit": "tokens",
    "avg": 600.9615,
    "p1": 346.81000000000006,
    "p5": 416.5,
    "p10": 445.0,
    "p25": 532.0,
    "p50": 609.0,
    "p75": 659.0,
    "p90": 749.0,
    "p95": 793.6499999999994,
    "p99": 833.05,
    "min": 327.0,
    "max": 838.0,
    "std": 109.88648241594595
  },
  "input_sequence_length": {
    "unit": "tokens",
    "avg": 187.98,
    "p1": 87.91000000000003,
    "p5": 95.85000000000001,
    "p10": 121.70000000000002,
    "p25": 154.75,
    "p50": 188.0,
    "p75": 221.0,
    "p90": 250.10000000000014,
    "p95": 269.4499999999996,
    "p99": 298.1199999999999,
    "min": 79.0,
    "max": 310.0,
    "std": 49.07096493854589
  },
  "output_token_count": {
    "unit": "tokens",
    "avg": 600.9615,
    "p1": 346.81000000000006,
    "p5": 416.5,
    "p10": 445.0,
    "p25": 532.0,
    "p50": 609.0,
    "p75": 659.0,
    "p90": 749.0,
    "p95": 793.6499999999994,
    "p99": 833.05,
    "min": 327.0,
    "max": 838.0,
    "std": 109.88648241594595
  },
  "min_request_timestamp": {
    "unit": "ns",
    "avg": 1.7646639231398305e18
  },
  "max_response_timestamp": {
    "unit": "ns",
    "avg": 1.764664051374385e18
  },
  "inter_chunk_latency": {
    "unit": "ms",
    "avg": 17.251913225425735,
    "p1": 0.01134079,
    "p5": 0.03667895,
    "p10": 4.637505300000002,
    "p25": 14.012924499999999,
    "p50": 16.891365999999998,
    "p75": 19.19093325,
    "p90": 22.947371,
    "p95": 28.002069150000004,
    "p99": 59.998128509999944,
    "min": 0.005939,
    "max": 513.970188,
    "std": 15.719014391688006
  },
  "total_output_tokens": {
    "unit": "tokens",
    "avg": 1201923.0
  },
  "benchmark_duration": {
    "unit": "sec",
    "avg": 128.234554584
  },
  "total_isl": {
    "unit": "tokens",
    "avg": 375960.0
  },
  "total_osl": {
    "unit": "tokens",
    "avg": 1201923.0
  },
  "telemetry_data": {
    "summary": {
      "endpoints_configured": [],
      "endpoints_successful": [],
      "start_time": "2025-12-02T16:25:23.131919",
      "end_time": "2025-12-02T16:27:31.381413"
    },
    "endpoints": {}
  },
  "input_config": {
    "endpoint": {
      "model_names": [
        "Qwen/Qwen3-0.6B"
      ],
      "custom_endpoint": "/v1/chat/completions",
      "type": "chat",
      "streaming": true,
      "url": "http://localhost:8000"
    },
    "input": {
      "extra": [
        [
          "ignore_eos",
          true
        ],
        [
          "min_tokens",
          500
        ]
      ],
      "prompt": {
        "input_tokens": {
          "mean": 180,
          "stddev": 50.0
        },
        "output_tokens": {
          "mean": 600,
          "stddev": 120.0
        }
      }
    },
    "loadgen": {
      "concurrency": 192,
      "request_rate_mode": "concurrency_burst",
      "request_count": 2000,
      "warmup_request_count": 500
    },
    "cli_command": "aiperf profile --model \"Qwen/Qwen3-0.6B\" --url \"http://localhost:8000\" --endpoint-type \"chat\" --endpoint \"/v1/chat/completions\" --streaming --warmup-request-count 500 --extra-inputs \"ignore_eos:true\" --concurrency 192 --request-count 2000 --synthetic-input-tokens-mean 180 --synthetic-input-tokens-stddev 50 --output-tokens-mean 600 --output-tokens-stddev 120 --extra-inputs \"min_tokens:500\""
  },
  "was_cancelled": false,
  "error_summary": [],
  "start_time": "2025-12-02T16:25:23.131919",
  "end_time": "2025-12-02T16:27:31.381413",
  "time_to_first_output_token": {
    "unit": "ms",
    "avg": 316.258618984,
    "p1": 239.75976656,
    "p5": 242.84797484999999,
    "p10": 244.7420053,
    "p25": 248.58281574999998,
    "p50": 254.670782,
    "p75": 264.87490099999997,
    "p90": 479.8607848000006,
    "p95": 830.7354321,
    "p99": 1017.55167362,
    "min": 236.53656099999998,
    "max": 1034.733909,
    "std": 175.2776279780202
  },
  "prefill_throughput": {
    "unit": "tokens/sec",
    "avg": 678.3020232160985,
    "p1": 146.86310667530574,
    "p5": 225.09724517955257,
    "p10": 332.5663206968767,
    "p25": 524.6575958699403,
    "p50": 704.5270294437323,
    "p75": 851.1268054509678,
    "p90": 971.2830321068942,
    "p95": 1040.0225483215338,
    "p99": 1180.8293589091018,
    "min": 85.37311004161973,
    "max": 1282.795940319963,
    "std": 241.11545293354257
  }
}